1|Ilikectrlmusic|4797581|21||||
2|skotrla|1778310|45||||
3|DarkLight1337|1650087|24|Hong Kong||HK|HK
4|crazywoola|1355798|33|Macau|02|MO|MO
5|HuggingFaceDocBuilderDev|1294456|50||||
6|sre-ci-robot|1100693|62||||
7|patrickvonplaten|931914.5|60||||
8|tamnd|922619|8||||
9|zhyncs|849163.5|32||||
10|jacoblee93|822378|37||||
11|ogabrielluiz|801577.5|45||||
12|sayakpaul|782359|53||||
13|sgugger|778481|34||||
14|youkaichao|695443|26||||
15|mgoin|680450|40||||
16|eyurtsev|668766|42||||
17|baskaryan|663984.5|37||||
18|merrymercy|658594.5|42||||
19|vkameswaran|637723|24||||
20|ArthurZucker|635026|49|||France|FR
21|WoosukKwon|629696|37|San Francisco|CA|United States|US
22|danielhanchen|622455.5|29||||
23|EarthmanT|619860.5|44||||
24|hwchase17|598789|41||||
25|ydshieh|593790|60||||
26|AndreasKaratzas|581759|18|Austin|TX|United States|US
27|tehasdf|580310.5|50||||
28|hinthornw|550585.5|39||||
29|qooban|540512|38||||
30|simon-mo|516394|32||||
31|direwolf-github|516136|59||||
32|wangxiyuan|497135|21||||
33|bracesproul|494607.5|34||||
34|everettbu|492001|8||||
35|mkarmark|487775|32||||
36|nfcampos|486917.5|41||||
37|lhoestq|485702|63||||
38|ElementalWhisper71|463555|1||||
39|Narsil|456773|60||||
40|zippydoc-machine-user|451700|3||||
41|aarnphm|442549.5|62|Toronto|08|Canada|CA
42|Jokeren|438177|26|Fairfax|VA|United States|US
43|LysandreJik|436546|63|Paris|11|France|FR
44|fzyzcjy|426235|35||||
45|younesbelkada|424995|43||||
46|ccurme|418726|29||||
47|Wauplin|415078|45||||
48|njhill|412192|39||||
49|efriis|408995.5|21||||
50|ShadowWhisperer|396932|63||||
51|ishaan-jaff|388854.5|35||||
52|Isotr0py|388547|36|Guangzhou|30|China|CN
53|kubama|386249.5|33||||
54|tjbck|379139.5|33||||
55|hmellor|372308|27||||
56|ywang96|371233|28||||
57|amyeroberts|369736|32|London|ENG|United Kingdom|GB
58|RiseInRose|369063|36||||
59|robertgshaw2-neuralmagic|361994|13||||
60|vbarda|353420.5|19||||
61|NielsRogge|351176.5|63|||Belgium|BE
62|albertvillanova|349426.5|63|Paris|11|France|FR
63|ThomasRaoux|348030|23||||
64|kylesayrs|343956.5|22||||
65|mateumann|341491.5|44||||
66|JustANothing|336540|1|||Indonesia|ID
67|geokala|336021|26||||
68|takatost|334301.5|25||||
69|ggerganov|332243|43||||
70|krrishdholakia|330922.5|45||||
71|regisss|330512|50||||
72|muellerzr|328020.5|50||||
73|dsikka|327900|26||||
74|Cristhianzl|313202|35|Uberlândia|15|Brazil|BR
75|tianhua2|307727|7||||
76|tlrmchlsmth|298714|26||||
77|winglian|298289|36||||
78|echarlaix|297530|60||||
79|laipz8200|293373|29||||
80|antiagainst|291886|24|Seattle|WA|United States|US
81|Yeuoly|290571|31||||
82|stevhliu|288637|59||||
83|jeejeelee|288557|28||||
84|gyllone|285692|1||||
85|antas-marcin|285273.5|63|Wrocław|72|Poland|PL
86|pcuenca|284363.5|50||||
87|HuggingFaceDocBuilder|281208|22||||
88|qgallouedec|280864|37||||
89|hileamlakB|277460.5|6||||
90|punkpeye|275226.5|18||||
91|DEQygrund|270880|28|Portland|OR|United States|US
92|langchain4j|269240|21||||
93|lewtun|269199.5|63||||
94|gante|268186|48||||
95|BillGarman|263322|1|Seattle|WA|United States|US
96|Rocketknight1|261446|60|Dublin|L|Ireland|IE
97|iamjoel|261385|35||||
98|wsxiaoys|259067.5|40||||
99|hiddify-com|258261.5|29||||
100|jlowin|258192|19||||
101|yiyixuxu|257565|44||||
102|mldangelo|255873|27||||
103|congqixia|252124|59||||
104|osanseviero|251337.5|56||||
105|robertgshaw2-redhat|248520|15||||
106|mishig25|248437|58||||
107|generall|248214.5|63||||
108|DNCDRaka|247112|1||||
109|duihuhu|246742|27||||
110|julien-c|246473.5|63||||
111|Rafa49451|243950|8||||
112|hnyls2002|241519.5|29||||
113|jmorganca|241155|34||||
114|LucasWilkinson|239021|25||||
115|glukhman|238532|39||||
116|severo|237846|56||||
117|BenjaminBossan|235407|45|Berlin|16|Germany|DE
118|comaniac|229311|30|San Francisco|CA|United States|US
119|SunMarc|228351|35||||
120|jvllmr|227270.5|48||||
121|LaurentMazare|226038|33|Paris|11|France|FR
122|mdrxy|225460|12||||
123|vllm-bot|223890|14||||
124|regro-cf-autotick-bot|222231|63||||
125|hiyouga|220318.5|40||||
126|DouweM|219067.5|12|Mexico City|09|Mexico|MX
127|peterbell10|218255|22||||
128|michalkuligowski|217590|19||||
129|Fridge003|212663.5|29|San Jose|CA|United States|US
130|anovazzi1|212363.5|25||||
131|sglang-bot|212200|7||||
132|dtrifiro|210968|25||||
133|edwinjosechittilappilly|210904.5|25||||
134|ProExpertProg|210370|25|Cambridge|MA|United States|US
135|magnologan|210066|60||||
136|enyst|207891.5|23||||
137|dirkkul|205433|44||||
138|timvisee|203552|37||||
139|SHARANR26|203161|1||||
140|zhuohan123|202605|32||||
141|huchenlei|201078.5|31||||
142|Yikun|200002|28|Xi’an|26|China|CN
143|averikitsch|199211|28|Seattle|WA|United States|US
144|dqbd|197882|39||||
145|comfy-pr-bot|195900.5|21||||
146|zhaochenyang20|194692.5|31||||
147|lwsinclair|194102|12||||
148|zucchini-nlp|193812|29||||
149|mickqian|192246|15||||
150|joerunde|191830|25||||
151|lucaseduoli|190260|36||||
152|Gelio|189395.5|8|||Poland|PL
153|lezcano|188900|22||||
154|bowenliang123|188485.5|30|Guangzhou|30|China|CN
155|IlyasMoutawwakil|187444|48|Paris|11|France|FR
156|MengqingCao|185274|27||||
157|xingyaoww|184299.5|40||||
158|lamia-haider|180144.5|11||||
159|Jeffwan|179608|33|Seattle|WA|United States|US
160|cosmo-admin|178846.5|38||||
161|BBuf|178534|40|Chengdu|32|China|CN
162|heesookiim|178142.5|3||||
163|zxhlyh|177903|35||||
164|fxmarty|177565|30||||
165|anakin87|176373|50|||Italy|IT
166|brian-dellabetta|175804|16|Chicago|IL|United States|US
167|sydney-runkle|174804|18||||
168|tf-vcs-testing-staging|174165|20||||
169|geoand|172683.5|30||||
170|3whisper51nomad|172320|2||||
171|tf-vcs-testing|171900|21||||
172|JohnJyong|170823.5|35|Suzhou|04|China|CN
173|xuechendi|170180|24||||
174|agourlay|169231|52|Berlin|16|Germany|DE
175|gshtras|169155|26||||
176|WitherRbx|168770|6||||
177|noooop|168030|24||||
178|Omochice|167521|63|||Japan|JP
179|mendonk|166310|23||||
180|martin-nhs|165160|15||||
181|slin1237|164276|22||||
182|Mogball|163405|17||||
183|stas00|163136|61||||
184|maaksystemsllc|162669|3||||
185|patil-suraj|161121|44||||
186|tjtanaa|157928.5|30||||
187|kashif|157422|54||||
188|opencm|156835|42||||
189|russellb|156783|20||||
190|danieldk|156403|50||||
191|ltdrdata|155991|37||||
192|varun-sundar-rabindranath|154695|26||||
193|christian-byrne|154442.5|24|San Francisco|CA|United States|US
194|michaeldrennen|154205|58||||
195|kzawora-intel|153390|26||||
196|tensorrt-cicd|152757|13||||
197|jikunshang|151746|31||||
198|khluu|151395|23||||
199|merveenoyan|151373|56||||
200|cbornet|150035.5|31|Bordeaux|75|France|FR
201|dirkbrnd|149087.5|15||||
202|Kludex|148759.5|17|Utrecht|09|Netherlands|NL
203|NickLucche|148282|36||||
204|Vorbert-Kruk|145852|35||||
205|wjones127|145481|35||||
206|rkooo567|144795|16||||
207|leon-good-life|144210.5|25||||
208|shaneholloman|143823|34||||
209|marklysze|143760.5|18||||
210|alexmolev|143668|51||||
211|Ying1123|143424.5|32||||
212|typpo|143053|38||||
213|mxyng|142492|33||||
214|dahlia|141908.5|29||||
215|ngxson|141207|29||||
216|devpow112|141039.5|52||||
217|luisprmat|140260|63||||
218|kesslerio|139357.5|12||||
219|joaomdmoura|137052|30||||
220|Anthony166-cmyk|136885|8||||
221|pacman100|136708.5|39||||
222|gari01234|136300|9||||
223|kumaranvpl|135800|5||||
224|DN6|135777|40||||
225|czs007|133553|60||||
226|nsarrazin|132622.5|30||||
227|michaelbenayoun|132401|60||||
228|dax-westerman|131348|20||||
229|philschmid|131139|60||||
230|renovate-bot|130852|34||||
231|dacorvo|130839|34||||
232|a-r-r-o-w|130598.5|33||||
233|sanchit-gandhi|129526|33||||
234|dliubarskyi|128461|15||||
235|AUTOMATIC1111|128190|26||||
236|Yard1|127982|27||||
237|enter-ctrl9|127610|1||||
238|CatherineSue|127204|24|Los Angeles|CA|United States|US
239|yewentao256|127058|12||||
240|adityachoudhari26|126716|21|San Francisco|CA|United States|US
241|prashantgupta24|126671|23||||
242|shanghaikid|126644.5|63||||
243|Stanley00|126320|23||||
244|alishercodecrafter|125970|5||||
245|scala-steward|125550|62||||
246|dhiltgen|125490.5|30||||
247|andreibondarev|125090|33|Camden|NJ|United States|US
248|kiryu-3|124075|16||||
249|XuanYang-cn|123084.5|61|Shanghai|23|China|CN
250|heheda12345|122990|19||||
251|jakubno|122582.5|35||||
252|jordanrfrazier|122514|26||||
253|Potabk|122439|16||||
254|JadenFiotto-Kaufman|122405|30|Boston|MA|United States|US
255|marcusschiesser|122358.5|31||||
256|ShangmingCai|122357|23||||
257|andrewthetechie|121940|45||||
258|kurtseifried|121640|14||||
259|ahmadiesa-abu|121460.5|40||||
260|himself65|121458.5|24||||
261|bnellnm|120990|27||||
262|NorbertAmartus|120620.5|10||||
263|ekzhu|120513|30||||
264|appseed-projects3|120071|24|Constanţa|14|Romania|RO
265|afeldman-nm|119877|22||||
266|paul-gauthier|118993.5|36||||
267|prmanna|118315|56||||
268|rsfunc|118219.5|17||||
269|JingyaHuang|118092|54|Paris|11|France|FR
270|ispobock|118078|26||||
271|clefourrier|118015|45|||France|FR
272|sfc-gh-mhidayetoglu|117705|11||||
273|PatrycjaKubiczek|117225.5|17|Kraków|77|Poland|PL
274|aymeric-roucher|116921|26|Paris|11|France|FR
275|tsmith023|116453|36||||
276|guoqingbao|115263|26||||
277|samuelecancellieri|114500|43||||
278|jjmachan|114292|56||||
279|maxdebayser|114079|26||||
280|Nelynehemia|114061.5|33|||Israel|IL
281|bigsheeper|113873|60|||China - Hangzhou|
282|JustinTong0323|113502.5|15|Edinburgh|SCT|United Kingdom|GB
283|Cyrilvallez|113039|26|Lausanne|VD|Switzerland|CH
284|bartoszkosciug|112896|27||||
285|coyotte508|112608.5|46||||
286|NanoCode012|112607|39||||
287|mickdarling|112531|15||||
288|erichare|112414.5|29||||
289|italojohnny|112336|17||||
290|vblagoje|112205.5|58||||
291|EajksEajks|111953|14|Caen|28|France|FR
292|davidmigloz|110862|41||||
293|emrgnt-cmplxty|110752.5|22||||
294|zRzRzRzRzRzRzR|110655|33||||
295|modificarop111|110477.5|3||||
296|jenningsloy318|110430.5|39||||
297|ZanSara|110378|34||||
298|YashdalfTheGray|110217.5|57||||
299|calclavia|109997.5|31||||
300|hjlarry|109805.5|24||||
301|learn-co-students|109111.5|3||||
302|rlancemartin|108982.5|31||||
303|ashpreetbedi|108901.5|49|New York City|NY|United States|US
304|pyup-bot|108588|52||||
305|ashwinb|108583|14||||
306|appseed-projects|108557|20|Constanţa|14|Romania|RO
307|HaiShaw|107649|27|San Francisco|CA|United States|US
308|Alexander-Hjelm|107646|52|Stockholm|26|Sweden|SE
309|tomaarsen|107348.5|45||||
310|penguine-ip|106998|32||||
311|slaren|106686|34||||
312|moogacs|106439.5|28||||
313|lvwerra|105793|48||||
314|xiaofan-luan|105626.5|59||||
315|sjrl|105436.5|46||||
316|yanliang567|104606.5|60||||
317|sapphi-red|104556|63||||
318|lkuligin|104484|36||||
319|zhuwenxing|103956|58||||
320|dmontagu|103926.5|17||||
321|OlivierDehaene|103777|35|||France|FR
322|tomerqodo|103659.5|4||||
323|xenova|103508|43||||
324|Axolotl1622|103380|9||||
325|bhancockio|103147.5|16||||
326|eddyxu|102143|37||||
327|mariosasko|102066|48||||
328|fcogithub|101942|1||||
329|lorenzejay|101771|28||||
330|rahul-tuli|101604|31||||
331|kishanprmr|101298.5|33||||
332|hanouticelina|101221|24||||
333|prmeyn|101110|33||||
334|KuntaiDu|101069|25|Chicago|IL|United States|US
335|hntrl|100852|36||||
336|databyjp|100711|42||||
337|cmfgerrit|100619|25||||
338|chaunceyjiang|99995|17||||
339|houseroad|99975|17||||
340|ch-wan|99255|14||||
341|bigPYJ1151|98908|31||||
342|lymanjre|98623|28||||
343|conda-forge-admin|98472.5|36||||
344|hsliuustc0106|98383|9||||
345|alihaider443|98317.5|15||||
346|neubig|98249.5|26||||
347|mikem8361|97927|60||||
348|YoniItzhak|97594|6||||
349|isahers1|97269|19||||
350|julian-risch|97122|62||||
351|vivekprm|97067.5|53||||
352|vincentgood1988|96656|1||||
353|Xunzhuo|96083.5|18||||
354|yhmo|95828|63||||
355|trkhoi|95160|24||||
356|BruceMacD|94748.5|37|San Francisco|CA|United States|US
357|samuelcolvin|94654.5|18||||
358|langchain-infra|94498.5|31||||
359|dev2049|93424|6||||
360|kaplanyaniv|93271.5|32||||
361|tdoublep|92978|27||||
362|prmichaelsen|92541|44||||
363|YumeT023|92533|12|||Madagascar|MG
364|lucasgomide|92478.5|14||||
365|TSHHaider|92475|13||||
366|xiaocai2333|92256|61||||
367|asukaminato0721|92251|19|Tokyo|40|Japan|JP
368|erikbern|92042|42||||
369|simoninithomas|91882|43||||
370|jsbroks|91838|21||||
371|kaku-highball-village-tree|91819|4||||
372|benjamincburns|91403.5|14|Christchurch|E9|New Zealand|NZ
373|horheynm|91274.5|14||||
374|ganyi1996ppo|91199|25||||
375|yuan-luo|90517|13||||
376|Hongyi-Yan0632|89621|1||||
377|ptillet|89480|22||||
378|JadeCong|89411.5|34|Shenzhen|30|China|CN
379|b8zhong|89404|14||||
380|ankane|89050.5|60|San Francisco|CA|United States|US
381|AhsanMubarak|88931.5|9||||
382|agola11|88550.5|34|San Francisco|CA|United States|US
383|manusa|88479.5|20||||
384|u-n-s-t-o-p-p-a-b-l-e|88400|9||||
385|christian-bromann|87952.5|13|San Francisco|CA|United States|US
386|ByronHsu|87629|25|San Jose|CA|United States|US
387|tmc|87569.5|33||||
388|yah01|87182|31||||
389|jkremser|87069.5|24||||
390|fridim|86759|63||||
391|russo11211|86206|3||||
392|pprmint|85970|55||||
393|westonpace|85923|32||||
394|masci|85680.5|32||||
395|libinta|85220|48||||
396|rbren|85199|22||||
397|AndreaFrancis|84942|27|Cochabamba|02|Bolivia|BO
398|MohammadIqbalAD-NHS|84890|21||||
399|Vaibhavs10|84501.5|45||||
400|Xioto-ytb|84332.5|13||||
401|robinjhuang|84295.5|28||||
402|Alexei-V-Ivanov-AMD|83880|26||||
403|toshi21a|83671|1||||
404|CODGODMW|83457.5|13||||
405|jahraphael|83455.5|63||||
406|ufewew|83300|2||||
407|lyzno1|83142.5|10||||
408|appseed-projects2|83125|20|Constanţa|14|Romania|RO
409|chrisbloe-nhse|82935|20||||
410|strawgate|82838|12||||
411|baonudesifeizhai|82816.5|10||||
412|yiliu30|82813.5|37||||
413|comfyanonymous|82777|40||||
414|pcmoritz|82746|13||||
415|leo-gan|82272|28||||
416|DealToDeath|81550|2||||
417|Bug-Hunter-X|81077.5|3||||
418|vowelparrot|80477|6||||
419|JohannesGaessler|80405|39|Karlsruhe|01|Germany|DE
420|AllenWriter|80251.5|14||||
421|yizhang2077|80011|25||||
422|silvanocerza|79678|26||||
423|greysonlalonde|79591|16||||
424|weiliu1031|79577|45||||
425|huakim|79155|4||||
426|qubvel|78760|24||||
427|hlky|77759|28||||
428|mabuaisha|77731.5|6||||
429|cadedaniel|77585|20|San Francisco|CA|United States|US
430|shahules786|77481.5|38||||
431|mwaskom|77424|29||||
432|drbh|77393|42||||
433|malhotra5|76964|18||||
434|williamberman|76594|20||||
435|ruisearch42|76414|20||||
436|coszio|76245|39||||
437|hiddify|76153|11||||
438|akiojin|76081.5|12|Kyoto|22|Japan|JP
439|Iam54r1n4|75838|18||||
440|czhu15|75790|16||||
441|Ali-Razmjoo|75710.5|18|Stockholm|26|Sweden|SE
442|arteymix|75589|61|Vancouver|02|Canada|CA
443|lnhsingh|75156|12||||
444|NathanHB|75114.5|34|Paris|11|France|FR
445|snyk-bot|75090|29||||
446|rasmith|74875|23||||
447|LiuXiaoxuanPKU|74869|30||||
448|bpedersen2|74836|63|Garching|02|Germany|DE
449|Darren-A11att|74821|3||||
450|csgmnpuxxoercrnlaiddhuxftrlxnvqh|74550|20||||
451|zhangxinyuehfad|74475|10||||
452|kenany|74415.5|18||||
453|sapientpants|73935.5|17||||
454|gerrit-amagno|73922|63||||
455|ViTheAxolotl|73664|36||||
456|Anush008|73427|33||||
457|tuanddd|73418.5|32||||
458|cpacker|73257|16|San Francisco|CA|United States|US
459|HabanaAIUser|73235|9||||
460|chyezh|73016.5|37|Hangzhou|02|China|CN
461|etiennedi|72978|60||||
462|0xThresh|72829|18||||
463|Codewithhaider29|72646.5|14||||
464|zou3519|72620|16||||
465|haohaocreates|72445|6||||
466|anton-l|72191|44|Paris|11|France|FR
467|yannicks1|71713|16||||
468|Cris-0k|71067.5|10||||
469|droberts-ctrlo|70714|31||||
470|javuto|70616|57||||
471|hebiao064|70608.5|21||||
472|TheAlipour|70250|2||||
473|alisonshao|70200.5|5||||
474|iniarfia|69912.5|12||||
475|Juninxz13|69700|2||||
476|Classic298|69691|16|||Austria|AT
477|hiddify1|69510|6||||
478|sungam3r|69460|31||||
479|aliszka|69318|49||||
480|afierka-intel|69155|25|Gdańsk|82|Poland|PL
481|freider|68854|40||||
482|McPatate|68663|53|||France|FR
483|parano|68620.5|56||||
484|mkouba|68137|18||||
485|aimultiple-benchmark|67998|2||||
486|IvanPleshkov|67840|52|Magdeburg|14|Germany|DE
487|soulwhisper|67781.5|38||||
488|davidsbatista|67481|39||||
489|gowthamrao|67462|47||||
490|shen-shanshan|67181.5|19||||
491|3prm3|67145|28||||
492|Martin7-1|67137|33|Hangzhou|02|China|CN
493|DrJKL|67051.5|36|San Jose|CA|United States|US
494|bsorrentino|66865.5|34|||Italy|IT
495|kijai|66846|32||||
496|SalmanMohammadi|66817.5|21|London|ENG|United Kingdom|GB
497|tofarr|66790|20||||
498|luwhano|66657.5|12||||
499|madamczykhabana|66587|17||||
500|bbethell-1|66576|51||||
501|Gumin998|66562.5|11||||
502|ebsmothers|66321|18||||
503|vasqu|66316|26||||
504|wjcunningham7|66044|36||||
505|prmaz7|65650|5||||
506|quentinderoubaix|65628|32||||
507|inawashiro|65545|21||||
508|Chisanan232|65513.5|11|Taipei|04|Taiwan|TW
509|brian2158|65485|7||||
510|rysweet|65463|13||||
511|amanape|64987|23||||
512|jmartisk|64908.5|30||||
513|parkerduckworth|64898|50||||
514|MatthewBonanni|64841|12|Boston|MA|United States|US
515|nprmedia|64840|8||||
516|pathfinder-pf|64730|7||||
517|CyrusZhou-CN|64729|16||||
518|cherubrock-seb|64395|14||||
519|SBrandeis|64332|61|Paris|11|France|FR
520|hiroshiyoka|64192|7||||
521|shadeMe|63915|40||||
522|Kangyan-Zhou|63875|8||||
523|ApostaC|63850|24|||United States|US
524|sunxxuns|63752.5|7||||
525|ThyeeZz|63724.5|58||||
526|kyopark2014|63701|23||||
527|xrey167|63668.5|3||||
528|xiezhq-hermann|63654|25||||
529|WTW0313|63647.5|19|Wuxi|04|China|CN
530|burtenshaw|63491.5|27|Brussels|BRU|Belgium|BE
531|taciturnaxolotl|63382.5|17||||
532|r00ta|63224|19||||
533|trljms3990|63200|1||||
534|ValentaTomas|62819|40||||
535|skhorasganiTT|62815|19||||
536|kyuyeunk|62755|9||||
537|josephydu|62694|14||||
538|mfuntowicz|62658|58||||
539|andrewnguonly|62621.5|27|San Francisco|CA|United States|US
540|tadasant|62619.5|15||||
541|guchenhe|62400.5|27||||
542|markmeliaa|62056|12||||
543|yiz-liu|61875|14||||
544|joein|61780.5|52||||
545|stainless-bot|61780|22||||
546|sunby|61641|60||||
547|jiqing-feng|61535|44||||
548|jawamartus|61463.5|6||||
549|ElsaiDeribu|61326|42|||United States|US
550|yetone|61324.5|53||||
551|cydrain|61315|54||||
552|adobrzyn|61270|13||||
553|muhammadtayyab21|61175|2||||
554|yanxi0830|61146.5|16||||
555|andy-neuma|61130|18||||
556|dsfaccini|60948|13||||
557|dldprma|60765|17||||
558|ctrlmaniac|60724|22||||
559|markmc|60677|16||||
560|zhizi-moyu|60655|2||||
561|gerard-queralt|60604|11||||
562|HavenDV|60221.5|32|Dubai|03|United Arab Emirates|AE
563|leslie2046|60211|33||||
564|dfessahazion|60172|2||||
565|LogicOber|59924.5|16|London|ENG|United Kingdom|GB
566|szuszekiF2|59906|1||||
567|yonigozlan|59868|23||||
568|hyuki875|59615|12||||
569|wolff95|59318|35||||
570|whybeyoung|59276|29||||
571|prma85|59210|58||||
572|ByteLegendBot|59111.5|23||||
573|DefTruth|59082|37|Guangzhou|30|China|CN
574|ysolanky|59036.5|40||||
575|bojiang|59028|62||||
576|imstevenpmwork|58916|14||||
577|ChristianHoesel|58833|57||||
578|kauecodify|58744|29||||
579|dobrac|58474|16||||
580|SageMoore|58395|26||||
581|rootfs|58384|14||||
582|tuvllms|58355|24||||
583|NolanTrem|58303|20||Wisconsin|United States|US
584|sqreadmin|58260|58||||
585|pawelszczerbuk|58120|23||||
586|AdarShaked|58114|7||||
587|schmoyohoblank|58090|8||||
588|wayblink|58026|37||||
589|jacob314|58016|15||||
590|sonichi|57990|16||||
591|devopspipelineupgrade|57911|24||||
592|Murilo122333|57890|2||||
593|sabiancolbert|57831|39||||
594|JzoNgKVO|57826.5|32|Suzhou|04|China|CN
595|1102asd|57785|4||||
596|rebel-eunji|57760|9||||
597|tankung001|57662.5|2||||
598|nanu-c|57587|46||||
599|nitvob|57536|15||||
600|rosinghal|57414|40||||
601|AnthonyTsu1984|57365.5|42||||
602|frostming|57273.5|39||||
603|Aragas|57204|51|Chisinau|57|Moldova|MD
604|guoshiqiufeng|57166.5|15||||
605|PlaidCat|56896|20|Columbus|OH|United States|US
606|ngo275|56892|39||||
607|lishunyang12|56842|4||||
608|benchislett|56835|16|Toronto|08|Canada|CA
609|rafvasq|56830|23||||
610|anhnh12|56798|31||||
611|yuvlar|56731.5|37||||
612|jirispilka|56704.5|23||||
613|gunbun33|56700|12||||
614|SimFG|56694|42||||
615|BorisPolonsky|56546|42||||
616|Datta0|56156.5|25|Bengaluru|19|India|IN
617|iNeil77|56156|31||||
618|jnewman-nhs|56095|26||||
619|wkulhanek|55971|63||||
620|orelmisan|55898|33||||
621|Bingo7735|55688.5|1||||
622|YuhanLiu11|55642.5|14|Chicago|IL|United States|US
623|ikawrakow|55622|32||||
624|alexm-neuralmagic|55595|9||||
625|vita-stejskal|55555.5|13||||
626|whx-sjtu|55550|15||||
627|Bationssss|55300|7||||
628|vllmellm|55270|16||||
629|mariankrotil|55093.5|13||||
630|akolotov|55081|10||||
631|tomatyss|55011.5|32||||
632|nicoloboschi|54959|19||||
633|sadxz132|54950|3||||
634|QuantumGhost|54764.5|25||||
635|ZJY0516|54762.5|14|Beijing|22|China|CN
636|abdulrahman305|54672.5|30|London|ENG|United Kingdom|GB
637|elonniu|54547|15||||
638|ZephyrWhisperer|54330|1||||
639|idprm|54304|40||||
640|wangbuera|54285|3||||
641|shimmyshimmer|54148.5|30||||
642|hlin99|54000|19||||
643|Flux159|53965|31|San Francisco|CA|United States|US
644|lucidrains|53673|61||||
645|sroy745|53535|12||||
646|marcosvilao|53494|12||||
647|haileyschoelkopf|53478|31||||
648|agonzalezrh|53429|52||||
649|205085028|53282|1||||
650|gsolard|53280|18||||
651|haorenfsa|53274|54||||
652|jaime0815|53266|42||||
653|tvoas|53255|11||||
654|JxVtrl|53218|46|Rio de Janeiro|21|Brazil|BR
655|gradient-pulse|53132|12||||
656|slskopytko|53088|51||||
657|ji21|53071|34||||
658|mist-whisper|53053|21||||
659|joecummings|53033|23||||
660|pdevine|53024|33||||
661|wrongkindofdoctor|52990|53||||
662|ffuugoo|52938|39||||
663|weijinqian0|52650|29||||
664|MQ37|52596.5|17||||
665|wxsIcey|52570|13||||
666|charlifu|52541|25||||
667|rolandtannous|52502|24||||
668|rwightman|52485|46||||
669|Kosinkadink|52339|34||||
670|NVaissaud|52293|63|La Rochelle|75|France|FR
671|prmiguel|52230|50||||
672|moehreag|52226|51||||
673|deon-sanchez|52199|20||||
674|ylacombe|52052|22||||
675|zhanglx13|51985|21||||
676|wm901115nwpu|51857|41||||
677|yaochengji|51750|13||||
678|AlexanderPRM|51535|33||||
679|boqiang|51443.5|9||||
680|AhmedAlmaghz|51436|7||||
681|AbzRaider|51381|43||||
682|hongxiayang|51347|30||||
683|victor-prm|51255|14||||
684|jimoosciuc|51252|12||||
685|lexmin0412|51161.5|14||||
686|fatelei|51153|40||||
687|mdorier|51135|62||||
688|wozniakjan|50960|23||||
689|charlesfrye|50935|29||||
690|aliberts|50800|16|Paris|11|France|FR
691|mingfeima|50767.5|33||||
692|sywangyi|50672|46||||
693|alvarobartt|50669.5|50|||Spain|ES
694|rick-github|50635|25||||
695|agnoliveira|50541|42||||
696|rizkiiaprmn|50500|1||||
697|djsaunde|50474|16||||
698|varvarashcherbyna7|50269|41||||
699|adrian-polanczyk-codilime|50130.5|17||||
700|david6666666|50082|16||||
701|YiyunNi|50076|24|Shanghai|23|China|CN
702|alirezanet|49995.5|51|Amsterdam|07|Netherlands|NL
703|wallashss|49911|18||||
704|MagMueller|49878.5|18|San Francisco|CA|United States|US
705|abhishekkrthakur|49718|43||||
706|tolgaprm|49637|43||||
707|Asthox|49562|31||||
708|tbmahfudi|49493.5|6||||
709|iforgetmyname|49445|10||||
710|LYSHARMA|49415|8||||
711|AccidentalJedi|49295.5|6||||
712|Awdjaw89|49280|12||||
713|dsuprmajstc93r|49155|2||||
714|dmptrluke|49134|54||||
715|pavanimajety|49073.5|22||||
716|AndyFlintNHS|48940|29||||
717|chunyuan-w|48930|16||||
718|psxdupes028|48860|9||||
719|swarooprm|48825|30||||
720|daveatweaviate|48825|13||||
721|mohaibra919|48735|14||||
722|adrianwedd|48585|39|Hobart|06|Australia|AU
723|Tushar98644|48570|10||||
724|timj|48454|62||||
725|carlosrcoelho|48443|31|Uberlândia|15|Brazil|BR
726|rkafh|48370|2||||
727|jamesmontemagno|48350.5|63||||
728|esmeetu|48300|25||||
729|thundergolfer|48236|40||||
730|shanjiaz|48102|12||||
731|nim65s|48100.5|31||||
732|orozery|47892|13||||
733|triple-Mu|47884|34||||
734|zhangsansana|47800|3||||
735|Qiaolin-Yu|47770|18||||
736|eaidova|47753|26||||
737|alex-jw-brooks|47697|23||||
738|camenduru|47658|43||||
739|MrPresent-Han|47651.5|42|Shanghai|23|China|CN
740|larme|47648|57||||
741|ManojKumarKarumanchi|47577.5|6|Khammam|40|India|IN
742|anurmanov|47575|4|Almaty|02|Kazakhstan|KZ
743|gary149|47438|56||||
744|tjohnson31415|47397|25||||
745|mountaindude|47362.5|35||||
746|douxc|47323|26||||
747|jackgerrits|47193|19||||
748|molbap|47100|31||||
749|kumasachin|47085|2||||
750|bilgeyucel|47050.5|44|Berlin|16|Germany|DE
751|sauyon|47040|49||||
752|yangulei|46909|21||||
753|tengomucho|46903|25||||
754|nirinchev|46858|12||||
755|clareliguori|46850.5|13|Seattle|WA|United States|US
756|artagnon|46771|59|London|ENG|United Kingdom|GB
757|zhtmike|46752|12||||
758|lallison2|46705|4||||
759|dhuangnm|46618|34||||
760|yhyang201|46578|13||||
761|mfortman11|46508|28||||
762|hashsan|46460|2||||
763|keenborder786|46393|33||||
764|baberabb|46352|35||||
765|espinielli|46314.5|63||||
766|kiranmoogi13|46200|1||||
767|VincyZhang|46170|23||||
768|vanbasten23|46145|28||||
769|Deadlin560|46070|7||||
770|sergiopaniego|46027.5|26||||
771|litecreator|45993.5|3||||
772|MekkCyber|45922|25|Paris|11|France|FR
773|CISC|45877|25|||Norway|NO
774|gcanlin|45826|6||||
775|ElizaWszola|45805|26||||
776|3coins|45767|38||||
777|mawong-amd|45730|19||||
778|teddylee777|45683|30||||
779|Alcanderian|45663|11||||
780|edp-robot|45575|18||||
781|mohsen1|45542|7||||
782|danielaskdd|45527|17||||
783|miroiu|45448.5|48||||
784|eyupaksu-nhs|45385|20||||
785|wendelangelo221|45285|11||||
786|oandreeva-nv|45235|20||||
787|nunyabiznessyoubeezy|45202.5|9||||
788|prmoore77|45176|33||||
789|TuanaCelik|45161.5|43|Amsterdam|07|Netherlands|NL
790|ilike2burnthing|45153|58||||
791|xige-16|45133|44||||
792|sammcj|45075.5|38||||
793|andannn|45034.5|16||||
794|treddy08|44962|48||||
795|akusayudodograu|44960|11||||
796|EricLBuehler|44839|30||||
797|nameczz|44817|48||||
798|AlexKoff88|44776.5|33||||
799|HanqingZ|44719.5|18|Shanghai|23|China|CN
800|liunux4odoo|44654.5|22||||
801|bre5ive|44432.5|9||||
802|kacperlukawski|44407.5|48||||
803|wingwkyuen|44321|13||||
804|Cadene|44286|15|Paris|11|France|FR
805|aimurphy|44226|13|||United States|US
806|raiderrx|44200.5|5||||
807|reyreaud-l|44100|24||||
808|ofercloudify|44079|7||||
809|iflow-mcp|44078|8||||
810|blva|44069|14|Dublin|L|Ireland|IE
811|SamMorrowDrums|44068.5|12|Amsterdam|07|Netherlands|NL
812|Darkstar326|44048.5|8||||
813|JamesBrianD|44045|7||||
814|w-e-w|43949|42||||
815|qscqesze|43927|7||||
816|mht-sharma|43869|32||||
817|kdamaszk|43808|22||||
818|khemegha|43807.5|3||||
819|gregcfy|43806|4||||
820|Ijahman|43791|63||||
821|ParthSareen|43782|24||||
822|MKhalusova|43758.5|21|Montréal|10|Canada|CA
823|kpavlov|43732.5|14||||
824|smthemex|43686|31||||
825|FiditeNemini|43665|36||||
826|cmdr2|43647|25||||
827|HanHan009527|43625|14|Yintai|26|China|CN
828|nimaprmdi|43620|26||||
829|yenuo26|43535|7||||
830|Viranga07|43491|17||||
831|chebbyChefNEQ|43362|25|New York City|NY|United States|US
832|AuxPort66|43360|12|Barcelona|56|Spain|ES
833|ericcurtin|43286|24||||
834|rhjcd|43283|56||||
835|DaleSeo|43261.5|11|Toronto|08|Canada|CA
836|prm123456789|43180|5||||
837|natolambert|43170|45||||
838|Muna4029|43122.5|4|Montréal|10|Canada|CA
839|stfries|42990|40||||
840|sarahwooders|42968.5|20||||
841|GarfieldDai|42950.5|28||||
842|tannervoas742|42910|11||||
843|hideya|42907.5|17||||
844|codify4|42882|25||||
845|mishushakov|42868.5|33||||
846|cbcoutinho|42810.5|11|||Netherlands|NL
847|AngelCIICMorales|42770|6||||
848|keitaro-kanda|42750|34||||
849|jon-tow|42711|39||||
850|vaibhavjainwiz|42625|30||||
851|varungup90|42621|16||||
852|abeverley|42528|63|||United Kingdom|GB
853|PsychoLlama|42495.5|63|New York City|NY|United States|US
854|craig-warren|42490|55|Newcastle upon Tyne|ENG|United Kingdom|GB
855|hanfangyuan4396|42380|23||||
856|iboiko-habana|42370|19||||
857|AyushExel|42332.5|41|||India|IN
858|imClumsyPanda|42330|28||||
859|ds25041974|42286|2||||
860|ilya-lavrenov|42241|20||||
861|mamoodi|42225|20||||
862|jay2142|42178|12||||
863|MSodexo|42157.5|1||||
864|tharakagatgal|42101.5|15||||
865|kausmeows|42077|14||||
866|bmastbergen|41996|17||||
867|nazarovctrl|41840|22||||
868|YerongLi|41745|13||||
869|fmenezes|41721|11||||
870|prmditya|41680|22||||
871|princepride|41622.5|29||||
872|gagik|41608|12||||
873|codecov-commenter|41594|60||||
874|luccafong|41517|15||||
875|longjiquan|41465|29||||
876|ThreadDao|41463.5|56||||
877|hijkzzz|41439|39||||
878|YangZhou08|41308|13||||
879|braden-w|41054|25|San Francisco|CA|United States|US
880|LoveEachDay|41037.5|55|Shanghai|23|China|CN
881|lengrongfu|40984.5|16||||
882|binbinlv|40954|49|Shanghai|23|China|CN
883|yma11|40855|20||||
884|nrgiser71|40834.5|9||||
885|Revprm|40830|35||||
886|angus-langchain|40769.5|17||||
887|codify-dev|40687.5|8||||
888|Molli1992|40684|9|Buenos Aires|07|Argentina|AR
889|VorpalBlade|40673.5|43|||Sweden|SE
890|evnd04|40630|11||||
891|stefanocaramagno|40617|17||||
892|t3ta|40450|5||||
893|LocoRichard|40435|14||||
894|Sinhan88|40425|9||||
895|calcuis|40372|29||||
896|zainabaaj|40365|5||||
897|googs1025|40271|21||||
898|eielelle|40236|10||||
899|danmoorenhs|40185|17||||
900|lifuhuang|40158|11||||
901|shajrawi|40130|19||||
902|mrutkows|40128|18||||
903|HLWeil|40118|32|Kaiserslautern|08|Germany|DE
904|stepek|40054|5||||
905|nhshz|40035|15||||
906|Prayer3th|40025|7||||
907|mrDzurb|40008.5|46||||
908|Takakiriy|40000|46||||
909|Angazenn|39965|14||||
910|tstadel|39957|47||||
911|FredHuang99|39781|18|Beijing|22|China|CN
912|UNIDY2002|39775|9|Beijing|22|China|CN
913|sauravkop|39765|10||||
914|nateraw|39689.5|53||||
915|jiaoew1991|39672|29||||
916|jennyli-z|39660|13||||
917|cuericlee|39641|15|Beijing|22|China|CN
918|mariofusco|39638.5|23||||
919|Relaxolotl17|39630|12||||
920|junjiem|39555|23||||
921|tonykipkemboi|39530|23||||
922|vaibhavmandhare01|39480|1||||
923|Polaralias|39438|3||||
924|lk-chen|39426.5|15||||
925|rulasg|39333|13||||
926|vincentzed|39312|12||||
927|osuny-bot|39307.5|39||||
928|newgoliath|39287|56||||
929|Rahu7p|39270|1||||
930|RockChinQ|39249.5|35|Suzhou|04|China|CN
931|ahsen-shah|39226|51||||
932|loonghao|39216|29||||
933|imzajjithvedha|39193|20||||
934|ybalbert001|39162.5|22||||
935|cmotadev|39046|46|||Brazil|BR
936|alejandrosuarez|38987|38|Miami|FL|United States|US
937|sprmke|38968.5|22||||
938|ctrl-alt-d|38930|60|l'Escala|56|Spain|ES
939|daninets|38902.5|1||||
940|donomii|38901|38||||
941|Nazar-kob|38850|25||||
942|RabeyaMuna|38826.5|9|Montréal|10|Canada|CA
943|ssheng|38767|52||||
944|ralphesber|38727.5|3||||
945|srp3rd|38722|60||||
946|mmathew23|38707.5|15||||
947|JoeSykesNHS|38655|15||||
948|ekzhang|38383|39||||
949|wong2|38346|26||||
950|Cabel7|38335|11||||
951|HomunMage|38333|13||||
952|Natureal|38320|4||||
953|ryaneggz|38311|15||||
954|faaany|38268|30||||
955|hohung113|38265|6||||
956|prmr|38200|59||||
957|ZeroZ-lab|38160|17|Hangzhou|02|China|CN
958|aoiasd|38138|45||||
959|botcopado|38135|28||||
960|key4ng|38108|8||||
961|joefong-nhs|38080|13||||
962|reidliu41|38075|9||||
963|sjmonson|37902|10||||
964|sbroenne|37893|6||||
965|polinaeterna|37740|37||||
966|Qubitium|37540.5|29||||
967|liangfung|37468.5|29||||
968|edbeeching|37429|47||||
969|oliverbeumkes-nhs|37420|6||||
970|hshen14|37385|40||||
971|Onitsiky|37341.5|8|||Madagascar|MG
972|jianan-gu|37336|29||||
973|DarkSharpness|37304|19||||
974|michaelnchin|37254|16||||
975|mustafa-rashid|37224.5|1||||
976|aashari|37128.5|12|||Indonesia|ID
977|jiangkuaixue123|37111|11||||
978|AlejandroEsquivel|37027|30|Vancouver|02|Canada|CA
979|jdubois|37008.5|30||||
980|Shan-Weaviate|36970|33||||
981|larrygrpolanco|36951|22||||
982|sducouedic|36935|16||||
983|andoorve|36932|21||||
984|yafshar|36924|24||||
985|arabold|36895|21|Los Angeles|CA|United States|US
986|sugarforever|36877.5|28||||
987|madamczyk-intel|36640|6||||
988|VixieCheatz|36637.5|10||||
989|giulio-leone|36593|2||||
990|hyoban|36554.5|6||||
991|dphi-tech|36502|9||||
992|maleksan85|36490|24||||
993|ltdrobot|36400|5||||
994|ncapek|36350.5|14||||
995|zzhx1|36348|11||||
996|Vidit-Ostwal|36318.5|16|||India|IN
997|xtaodada|36281|14||||
998|MichaelShn|36242.5|18||||
999|codifyamplify|36211|18||||
1000|aryrfjr|36180|4||||
