2021|1|DEQygrund|212570|12|Portland|OR
2021|2|bdekoz|15750|12|San Francisco|CA
2021|3|PhiYerion|14403|5||Virginia
2021|4|PsychoLlama|13701|12|New York City|NY
2021|5|ctrlaltdev|13128|9|Los Angeles|CA
2021|6|XiaoxuHU|12537|12|Redmond|WA
2021|7|bermed28|12375|4|Seattle|WA
2021|8|cindylovescoding|10379|12|Seattle|WA
2021|9|ShekharGupta1988|8187|12|Redmond|WA
2021|10|armcc|7922|12|San Jose|CA
2021|11|ChristianAnagnostou|7599|12|San Francisco|CA
2021|12|bryates|7535|10|Columbus|OH
2021|13|amete|7130|7|Lemont|IL
2021|14|Kevin-Burgos-9|6710|2|Dallas|TX
2021|15|Flaburgan|6672|9|Chicago|IL
2021|16|JetRunner|6316|11|San Diego|CA
2021|17|MichelleGower|6212|11|Urbana|IL
2021|18|chrismochinski|6138|7|Minneapolis|MN
2021|19|claireyuw|5961|8|San Francisco|CA
2021|20|aaronstephenson|5625|12|Madison|WI
2021|21|Everod52|5225|4||Washington
2021|22|DavidHWagnon|4929|7|San Antonio|TX
2021|23|BlakeDraper|4838|10||Wisconsin
2021|24|SantosOMartinez|4595|6||Virginia
2021|25|GuannanXie|4517|10|San Francisco|CA
2021|26|Elcess|4455.5|4|Gainesville|FL
2021|27|EdifyRobotics|4445|2|Atlanta|GA
2021|28|SharmaAjay19|4438|12|Redmond|WA
2021|29|AliHaider20|4071|9|New York City|NY
2021|30|YilunKuang|3589|1|New York City|NY
2021|31|Pierrci|3518|12|Miami|FL
2021|32|ankane|3512|10|San Francisco|CA
2021|33|cdflori|3394|3|Dallas|TX
2021|34|HonorioTaveras|3381|4|Boulder|CO
2021|35|andy-slac|3322|7||California
2021|36|ctrlShiftBryan|3110|8|Columbus|OH
2021|37|CastroAlejandro|3034|1|Naples|FL
2021|38|Sergey01|2870|2|New York City|NY
2021|39|cosmoquester|2853|6|Austin|TX
2021|40|aprilemeraldchao|2848|5|San Jose|CA
2021|41|bradify|2796.5|1|Tucson|AZ
2021|42|acdha|2785|11|Washington|DC
2021|43|Clancey|2769|9|Anchorage|AK
2021|44|DarrelDonald|2585|10|Lynnwood|WA
2021|45|AmandaLN|2568|1|Sanford|FL
2021|46|Blendify|2551.5|7||Maryland
2021|47|ajnikrant|2520|3|Washington|DC
2021|48|bscott|2328.5|3||California
2021|49|chidcrushev|2310|4|Las Cruces|NM
2021|50|TrevorBrown-dev|2103.5|4|Poughkeepsie|NY
2021|51|ctrlaltdylan|2092|7|Cleveland|OH
2021|52|cbmartinez42|2068.5|2|Ballwin|MO
2021|53|codifyme|2065|5|San Francisco|CA
2021|54|SamPotasz|1985|6|Austin|TX
2021|55|camRight|1972|1|San Francisco|CA
2021|56|VictorSanh|1945|11|New York City|NY
2021|57|Lateralus138|1932|1|Decatur|IL
2021|58|BenCaunt|1848|6|Cary|NC
2021|59|Etragas|1770|4|San Francisco|CA
2021|60|ausarenglish|1740|2|New York City|NY
2021|61|ADBeveridge|1680|4|San Diego|CA
2021|61|MikeFogz|1680|1|San Francisco|CA
2021|63|CamiloSierraH|1671|7|San Jose|CA
2021|64|adityanaidu16|1627.5|3|West Lafayette|IN
2021|65|aagnone3|1616|7|Atlanta|GA
2021|66|Iwontbecreative|1578|6||New York
2021|67|ctrl-gaurav|1558|7|Austin|TX
2021|68|Palipoor|1540|2|Stony Brook|NY
2021|69|arudell|1530|4||Minnesota
2021|70|ahaider004|1446|5||New York
2021|71|Lucasfarmwald|1442|2|Houston|TX
2021|72|Polvyer|1435|1|Chicago|IL
2021|73|aoindustries|1423|10|Mobile|AL
2021|74|allihaider|1422|9|Ames|IA
2021|75|Anthony-Mendez|1390|7||
2021|76|anri0806|1386|3||New York
2021|76|Claudiohbsantos|1386|1|New York City|NY
2021|76|asifhaider|1386|10|Anaheim|CA
2021|79|HamidShojanazeri|1382|7|San Francisco|CA
2021|80|bigeasy|1372|3|New Orleans|LA
2021|81|alzcheng|1345|1|San Francisco|CA
2021|82|Davidpculver|1325|3|San Antonio|TX
2021|83|01000101|1302|4||Virginia
2021|84|EdmundLeex|1290|2|San Francisco|CA
2021|85|AlexJBustillos|1281|1|New York City|NY
2021|86|Dagnogo26|1280|6|Atlanta|GA
2021|87|ReticulatedSpline|1250|8|Minneapolis|MN
2021|88|Ilanad|1239|6||Illinois
2021|89|JackieHodges|1230|2|Houston|TX
2021|90|Diego-Esquivel|1226|1|Aurora|IL
2021|91|Saptak625|1225|2|Atlanta|GA
2021|92|charlesgutwirth|1184|2|Los Angeles|CA
2021|93|coveralls|1180|12|Los Angeles|CA
2021|94|Muennighoff|1163|10|San Jose|CA
2021|95|adeebshihadeh|1152|5|San Diego|CA
2021|96|PathogenDavid|1123|2||Kansas
2021|97|JamesDeAntonis|1103|10|Baltimore|MD
2021|98|LuisM-Hernandez|1084|1|Kissimmee|FL
2021|99|HeroRoku|1071|3||Florida
2021|100|Christian-Bryant2020|1047|2|Austin|TX
2022|1|DEQygrund|45915|8|Portland|OR
2022|2|ElsaiDeribu|32107.5|12||
2022|3|ColinHarker|13806|3|San Francisco|CA
2022|4|Erika2500|13091|3|Seattle|WA
2022|5|NimaBoscarino|12978|10|San Diego|CA
2022|6|XiaoxuHU|12233|12|Redmond|WA
2022|7|NicholasBottone|11200|3||New York
2022|8|SethEden|10015|12|Madison|WI
2022|9|bryates|9826|12|Columbus|OH
2022|10|ADBeveridge|9499|10|San Diego|CA
2022|11|ActionPace|7690|2|Washington|DC
2022|12|ankane|6994|11|San Francisco|CA
2022|13|DarrelDonald|6951|12|Lynnwood|WA
2022|14|bdekoz|6900|6|San Francisco|CA
2022|15|PsychoLlama|6853|12|New York City|NY
2022|16|armcc|6761|12|San Jose|CA
2022|17|cindylovescoding|6329|7|Seattle|WA
2022|18|ashpreetbedi|6209|10|New York City|NY
2022|19|chrisg564|5724|4|Pittsburgh|PA
2022|20|RustedBones|5597|8|Chicago|IL
2022|21|Prmurray|5540|5|Littleton|CO
2022|22|AnugunjNaman|5480|7||
2022|23|Pierrci|5105|11|Miami|FL
2022|24|bcaudillo|5099.5|2|Denver|CO
2022|25|ShekharGupta1988|4884|12|Redmond|WA
2022|26|MichelleGower|4848|11|Urbana|IL
2022|27|SharmaAjay19|4763|12|Redmond|WA
2022|28|andy-slac|4672|11||California
2022|29|aksh-at|4457|6|New York City|NY
2022|30|Sammyjo20|4356|4|San Bernardino|CA
2022|31|Doridian|4302.5|6|Kirkland|WA
2022|32|Code-rina|4245.5|3|San Francisco|CA
2022|33|aidansunbury|4186|2|San Francisco|CA
2022|34|bmaggiano|4165|1|Gilbert|AZ
2022|35|BritneyMuller|4139|7|Minneapolis|MN
2022|36|CtrlAltWilson|4052|8|Houston|TX
2022|37|Taxolotl|4036|3||Indiana
2022|38|amete|4005|4|Lemont|IL
2022|39|Giveherthedsuprmajstcr|3930|1|Rapid City|SD
2022|40|arudell|3859|12||Minnesota
2022|41|chrismochinski|3829|11|Minneapolis|MN
2022|42|benpate|3759|6||Colorado
2022|43|IMvision12|3712|5|Anaheim|CA
2022|44|ShreeBohara|3702|1|Los Angeles|CA
2022|45|claireyuw|3530|10|San Francisco|CA
2022|46|AlekseyKorshuk|3513|9|San Jose|CA
2022|47|FutureAxolotl|3412|7||Pennsylvania
2022|48|Muennighoff|3411|10|San Jose|CA
2022|49|ChristianAnagnostou|3406|11|San Francisco|CA
2022|50|Brlan7|3344|6|Denver|CO
2022|51|Proto007|3196|4|New York City|NY
2022|52|Ctrl-Zee|3168|6|Indianapolis|IN
2022|53|agola11|3162|2|San Francisco|CA
2022|54|ctrlaltdev|3120|10|Los Angeles|CA
2022|55|PaulPrice|3088|8|Garden City|MI
2022|56|BenjaminWalkerBond|3032|5|San Marcos|TX
2022|57|coveralls|3016|12|Los Angeles|CA
2022|58|adeebshihadeh|3002|12|San Diego|CA
2022|59|Pyrtle93|2996|1|Syracuse|NY
2022|60|GLRose|2975|4|Charlotte|NC
2022|61|Skquark|2940|4|Los Angeles|CA
2022|62|calvin-kim13|2884|3|Seattle|WA
2022|63|Ali-Prm|2800|3|New York City|NY
2022|64|NicholasSynovic|2784|3|Milwaukee|WI
2022|65|blakechi|2759|5|Austin|TX
2022|66|Codehackerone|2748.5|5|Rochester|NY
2022|67|JuheonChu|2712|3|Ithaca|NY
2022|68|cwh35|2576|4|Philadelphia|PA
2022|69|apsdehal|2568|5|San Francisco|CA
2022|70|alantmatos|2562|1||New York
2022|71|MichaelCGrant|2524|2|Houston|TX
2022|72|colorful-tones|2523.5|1|Glens Falls|NY
2022|73|De30|2520|2||Massachusetts
2022|74|Matthewjww|2502|5|Denver|CO
2022|75|JohnNay|2427|5||New York
2022|76|YiChong-Liu|2390|5|Champaign|IL
2022|77|audrow|2376|2|San Antonio|TX
2022|78|Qard|2303.5|11|Vancouver|WA
2022|79|catwhisperingninja|2253|8|San Francisco|CA
2022|80|altryne|2210|5|Denver|CO
2022|81|Jessieg12|2159.5|2|Chicago|IL
2022|82|EraGuider|2140|3||Washington
2022|82|MuyeedAhmed|2140|2|Newark|NJ
2022|84|BlakeDraper|2113|10||Wisconsin
2022|85|angus-lherrou|2109|11|Waltham|MA
2022|86|averad|2037|3||Washington
2022|87|JoshuaKimsey|2034|3||Georgia
2022|88|chrismuto|2032|1|San Diego|CA
2022|89|claudiol|2023|9||Colorado
2022|90|aaronstephenson|2009|6|Madison|WI
2022|91|Elcess|1977.5|5|Gainesville|FL
2022|92|DeppMeng|1956|3|San Jose|CA
2022|93|Jameshskelton|1946|6|Austin|TX
2022|94|LuChengTHU|1938|2|San Francisco|CA
2022|95|Kaltrunner|1932|2|New York City|NY
2022|96|Zachacious|1929|1|Tupelo|MS
2022|97|AnthonyRodriguezJPM|1862|2|Houston|TX
2022|98|SoftCircuits|1858.5|7|Salt Lake City|UT
2022|99|Whitelisted2|1850|4|Atlanta|GA
2022|100|bandily|1827|1|San Francisco|CA
2023|1|WoosukKwon|142253|8|San Francisco|CA
2023|2|andreibondarev|61242.5|10|Camden|NJ
2023|3|agola11|46695|12|San Francisco|CA
2023|4|BruceMacD|44706|9|San Francisco|CA
2023|5|ankane|29196|12|San Francisco|CA
2023|6|cpacker|29021|3|San Francisco|CA
2023|7|ashpreetbedi|28609|12|New York City|NY
2023|8|chebbyChefNEQ|22353|8|New York City|NY
2023|9|aidansunbury|21759.5|11|San Francisco|CA
2023|10|ElsaiDeribu|20395.5|12||
2023|11|aksh-at|17841|12|New York City|NY
2023|12|changhiskhan|17734|11|San Francisco|CA
2023|13|JadenFiotto-Kaufman|14335|3|Boston|MA
2023|14|BBC-Esq|13506|9|Atlanta|GA
2023|15|WASasquatch|12911|12|Mount Vernon|WA
2023|16|cebtenzzre|11411|4|New York City|NY
2023|17|DEQygrund|9845|5|Portland|OR
2023|18|MuyeedAhmed|9704|10|Newark|NJ
2023|19|colbertamir|9655|9|Tulsa|OK
2023|20|SethEden|9481|12|Madison|WI
2023|21|Abi-Liu|9408|2|San Francisco|CA
2023|22|XiaoxuHU|9402|9|Redmond|WA
2023|23|LucianoCirino|9379|8||Texas
2023|24|borisdev|9092|5|San Francisco|CA
2023|25|Mirabordem|8564.5|3|Miami|FL
2023|26|Tostino|8552|9|Tampa|FL
2023|27|Cebtenzzre|8306|4|New York City|NY
2023|28|RustedBones|8159|12|Chicago|IL
2023|29|alejandrosuarez|7991|10|Miami|FL
2023|30|alpayariyak|7858|7|San Francisco|CA
2023|31|Taxolotl|7540|9||Indiana
2023|32|PsychoLlama|7495.5|12|New York City|NY
2023|33|brainlid|7271|6||Utah
2023|34|armcc|7189|12|San Jose|CA
2023|35|afourney|6730|4|Redmond|WA
2023|36|braden-w|6050|7|San Francisco|CA
2023|37|andy-slac|5978|10||California
2023|38|AliHaider20|5861.5|11|New York City|NY
2023|39|adeebshihadeh|5453|12|San Diego|CA
2023|40|ShekharGupta1988|5302|9|Redmond|WA
2023|41|SharmaAjay19|5235|8|Redmond|WA
2023|42|benjamin-chavez|5090|5|Chicago|IL
2023|43|adamk72|5088|1|Austin|TX
2023|44|arudell|5051|12||Minnesota
2023|45|coveralls|4730|12|Los Angeles|CA
2023|46|OneilMagno|4714|6|Monmouth|OR
2023|47|EllangoK|4709|5|New York City|NY
2023|48|cmarshak|4629|10|Los Angeles|CA
2023|49|TheRealKwabena|4616.5|2||Louisiana
2023|50|bborn|4590|9|Saint Paul|MN
2023|51|cigamit|4564|5||Texas
2023|52|anuragkumar95|4340|4|Columbus|OH
2023|53|MichaelRudy|4308.5|7|Arlington|VA
2023|54|Jared-Velasquez|4291|2||California
2023|55|Skquark|4191|12|Los Angeles|CA
2023|56|JacobFV|4144|11|San Francisco|CA
2023|57|MichelleGower|4092|11|Urbana|IL
2023|58|Haste171|4062.5|8||
2023|59|TevinWang|4026|5|San Francisco|CA
2023|60|atiorh|3939|12|San Jose|CA
2023|61|Max-Gabriel-Susman|3864|6|Logan|UT
2023|62|aedify-john|3850|5|Alexandria|VA
2023|63|cadentj|3787|3|Boston|MA
2023|64|colinmcnamara|3777.5|9|Austin|TX
2023|65|NeedleInAJayStack|3776|6|Salt Lake City|UT
2023|66|FoamoftheSea|3729|5|San Francisco|CA
2023|67|SolomonMontagno|3586|8|Boston|MA
2023|68|clickonetwo|3477|9|San Francisco|CA
2023|69|BeibinLi|3309|5|Redmond|WA
2023|70|Nulctrl|3248|7||New York
2023|71|cg123|3224|8|Los Angeles|CA
2023|72|NikolaBorisov|3205|9|San Jose|CA
2023|73|SumanthRH|3201|8|San Francisco|CA
2023|74|RobertGemmaJr|3136|11||Rhode Island
2023|75|Pierrci|3130|11|Miami|FL
2023|76|CShorten|3103.5|12|Boston|MA
2023|77|JaronJCheung|3098|4|Buffalo|NY
2023|78|cottsay|3077|3|Plymouth|MN
2023|79|TimDettmers|3063|5|Seattle|WA
2023|80|Spartee|2994|7|San Francisco|CA
2023|81|VictorSanh|2965|8|New York City|NY
2023|82|ADBeveridge|2935.5|10|San Diego|CA
2023|83|Shubhamai|2932|6|San Francisco|CA
2023|84|AleMiguelMicrosoft|2902|3|Redmond|WA
2023|85|bryates|2887|11|Columbus|OH
2023|86|capslock|2827|9|San Francisco|CA
2023|87|HarshTrivedi|2766|7||
2023|87|crutcher|2766|1|San Francisco|CA
2023|89|christy|2713|5|San Francisco|CA
2023|90|BPhi-ai|2663|8|Los Angeles|CA
2023|91|Atry|2643.5|10||California
2023|92|bkoz|2633|4|Austin|TX
2023|93|aashish2000|2540|4|University Park|FL
2023|94|DarrelDonald|2441|9|Lynnwood|WA
2023|95|austinmw|2438.5|10|New York City|NY
2023|96|Guitaricet|2415.5|10|San Francisco|CA
2023|97|christiananagnostou|2406|6|San Francisco|CA
2023|98|cmndcntrlcyber|2359|9||
2023|99|VKudlay|2258|2|New Orleans|LA
2023|100|ar-mccabe|2251.5|2|Ontario|CA
2024|1|BillGarman|263322|1|Seattle|WA
2024|2|WoosukKwon|261235|12|San Francisco|CA
2024|3|Jokeren|184678|10|Fairfax|VA
2024|4|comaniac|158720|12|San Francisco|CA
2024|5|averikitsch|134160|12|Seattle|WA
2024|6|antiagainst|105955|8|Seattle|WA
2024|7|cadedaniel|76580|11|San Francisco|CA
2024|8|KuntaiDu|70722|10|Chicago|IL
2024|9|JadenFiotto-Kaufman|69910|12|Boston|MA
2024|10|ByronHsu|59560|10|San Jose|CA
2024|11|andreibondarev|57590|12|Camden|NJ
2024|12|ashpreetbedi|51400.5|12|New York City|NY
2024|13|cpacker|44081|11|San Francisco|CA
2024|14|adityachoudhari26|40590|6|San Francisco|CA
2024|15|ProExpertProg|40020|10|Cambridge|MA
2024|16|NolanTrem|38698|10||Wisconsin
2024|17|andrewnguonly|38571.5|11|San Francisco|CA
2024|18|HaiShaw|38404|12|San Francisco|CA
2024|19|SolitaryThinker|35767|9|San Diego|CA
2024|20|ankane|35245.5|12|San Francisco|CA
2024|21|agola11|35146.5|12|San Francisco|CA
2024|22|K-Mistele|31451|12|San Francisco|CA
2024|23|BruceMacD|27405.5|12|San Francisco|CA
2024|24|Satrat|25991|5|Boston|MA
2024|25|VipulMascarenhas|21397.5|12|Seattle|WA
2024|26|braden-w|21107|10|San Francisco|CA
2024|27|anuragkumar95|19530|9|Columbus|OH
2024|28|chebbyChefNEQ|18900|12|New York City|NY
2024|29|alejandrosuarez|18870.5|12|Miami|FL
2024|30|alpayariyak|18843|8|San Francisco|CA
2024|31|Jeffwan|18396|10|Seattle|WA
2024|32|LangCh1123|17370|1||
2024|33|ApostaC|17075|9||
2024|34|GindaChen|16893|11|San Diego|CA
2024|35|CatherineSue|15500|9|Los Angeles|CA
2024|36|BBC-Esq|15400|12|Atlanta|GA
2024|37|HashbrownKazang|15137|4||
2024|38|brainlid|13996|12||Utah
2024|39|cadentj|13653.5|12|Boston|MA
2024|40|ZachNagengast|13638|12|Los Angeles|CA
2024|41|abhisheknair10|12813.5|4||New York
2024|42|afourney|12391|12|Redmond|WA
2024|43|SwapnilDreams100|12216|6|San Francisco|CA
2024|44|AdamBelfki3|11990|8|Boston|MA
2024|45|cmndcntrlcyber|11772|12||
2024|46|CShorten|11769|12|Boston|MA
2024|47|cebtenzzre|11319|10|New York City|NY
2024|48|DwyaneShi|10445|4|Seattle|WA
2024|49|arueth|9867|4|Seattle|WA
2024|50|PhilipQuirke|9818|10|San Francisco|CA
2024|51|KellerJordan|9752|6|San Francisco|CA
2024|52|adeebshihadeh|9697|12|San Diego|CA
2024|53|bryates|9550|12|Columbus|OH
2024|54|aayush3011|9465|11|Seattle|WA
2024|55|Jordan130|9068|4|York|PA
2024|56|Broyojo|8852|11||New Jersey
2024|57|cigamit|8772|12||Texas
2024|58|JT2M0L3Y|8673|12|Seattle|WA
2024|59|MichelleGower|8612|12|Urbana|IL
2024|60|RustedBones|8575|12|Chicago|IL
2024|61|aksh-at|8509|12|New York City|NY
2024|62|armcc|8435|12|San Jose|CA
2024|63|changhiskhan|8426|12|San Francisco|CA
2024|64|ctrly4sh|8390|12|Beckley|WV
2024|65|Aniruddh25|8160|5|Redmond|WA
2024|66|caseyclements|7923.5|8||New York
2024|67|ctrlaltaf|7892|11|Boulder|CO
2024|68|colinmcnamara|7714|12|Austin|TX
2024|69|AsherBond|7638|12|San Francisco|CA
2024|70|christian-byrne|7577|9|San Francisco|CA
2024|71|clickonetwo|7378|11|San Francisco|CA
2024|72|arudell|7105|12||Minnesota
2024|73|BeibinLi|6691|11|Redmond|WA
2024|74|PingXie|6670|7||Washington
2024|75|PlaidCat|6666|5|Columbus|OH
2024|76|PsychoLlama|6580|12|New York City|NY
2024|77|Cdaprod|6578|12|Douglasville|GA
2024|78|bwised|6555|8|San Francisco|CA
2024|79|anushakolan|6462|4|Redmond|WA
2024|80|akshaya-a|6200|6|Bellevue|WA
2024|81|DhruvaBansal00|6190|7|San Francisco|CA
2024|82|HanClinto|6161|12||Ohio
2024|83|bjchambers|6107.5|9|Seattle|WA
2024|84|CTRLcapX|5782|2|Chicago|IL
2024|85|Sbozzolo|5762|9|San Francisco|CA
2024|86|NikolaBorisov|5744|6|San Jose|CA
2024|87|colbertamir|5740|12|Tulsa|OK
2024|88|HamidShojanazeri|5715|12|San Francisco|CA
2024|89|Kaiyang-Chen|5675|7|San Jose|CA
2024|90|AnthonyChristidis|5575|7|Boston|MA
2024|91|allenporter|5567|4|Los Angeles|CA
2024|92|Imss27|5562|6|La Jolla|CA
2024|93|Pernekhan|5525|12|San Jose|CA
2024|94|coveralls|5448|12|Los Angeles|CA
2024|95|bryanzhou008|5430|2|Los Angeles|CA
2024|96|Depetrol|5403|8|San Francisco|CA
2024|97|bsbodden|5335.5|10|Scottsdale|AZ
2024|98|andymattgee|5214|1|Portland|OR
2024|99|coolkp|5165|4|Seattle|WA
2024|100|MrAta|5110|5|San Francisco|CA
2025|1|Jokeren|230765|12|Fairfax|VA
2025|2|WoosukKwon|207885|12|San Francisco|CA
2025|3|antiagainst|174140|12|Seattle|WA
2025|4|Fridge003|172413|12|San Jose|CA
2025|5|brian-dellabetta|154381|12|Chicago|IL
2025|6|Jeffwan|150670|12|Seattle|WA
2025|7|ProExpertProg|137385|12|Cambridge|MA
2025|8|christian-byrne|112743.5|12|San Francisco|CA
2025|9|CatherineSue|97425|12|Los Angeles|CA
2025|10|adityachoudhari26|78902|12|San Francisco|CA
2025|11|comaniac|69385|7|San Francisco|CA
2025|12|averikitsch|64373|12|Seattle|WA
2025|13|YuhanLiu11|55481.5|11|Chicago|IL
2025|14|HaiShaw|55165|12|San Francisco|CA
2025|15|christian-bromann|52005.5|9|San Francisco|CA
2025|16|Flux159|50043.5|12|San Francisco|CA
2025|17|PlaidCat|45512|12|Columbus|OH
2025|18|ApostaC|45320|12||
2025|19|MagMueller|45117.5|12|San Francisco|CA
2025|20|clareliguori|38948|9|Seattle|WA
2025|21|DrJKL|37298.5|11|San Jose|CA
2025|22|MatthewBonanni|35905|7|Boston|MA
2025|23|aimurphy|35448|10||
2025|24|JadenFiotto-Kaufman|32700|12|Boston|MA
2025|25|Shaoting-Feng|32106|12|San Francisco|CA
2025|26|Palashio|30356.5|5|New York City|NY
2025|27|arabold|30105.5|11|Los Angeles|CA
2025|28|KuntaiDu|29505|12|Chicago|IL
2025|29|ByronHsu|26705|11|San Jose|CA
2025|30|assafvayner|26600|12|Seattle|WA
2025|31|ckadner|24775|10|Santa Cruz|CA
2025|32|anpicci|23752|12|Chicago|IL
2025|33|andrewnguonly|22083|12|San Francisco|CA
2025|34|Jialin|21970|6|San Jose|CA
2025|35|DwyaneShi|21505|12|Seattle|WA
2025|36|BruceMacD|21121|12|San Francisco|CA
2025|37|alexm-redhat|20685|12|Boston|MA
2025|38|arueth|19820|12|Seattle|WA
2025|39|QIN2DIM|19632|10|Laramie|WY
2025|40|benceruleanlu|19355.5|11|San Francisco|CA
2025|41|NolanTrem|18975|9||Wisconsin
2025|42|awni|18942|10||
2025|43|ckhordiasma|18732|7|Boston|MA
2025|44|NTaylorMullen|17345|7|Seattle|WA
2025|45|boren-ms|17029|11|Redmond|WA
2025|46|Tianhao-Gu|16838.5|6|Chicago|IL
2025|47|cigamit|16730|11||Texas
2025|48|alterxyz|16478|12|San Jose|CA
2025|49|Yukiyukiyeah|16296|8|Seattle|WA
2025|50|bbeckca|15551|6|San Francisco|CA
2025|51|ashpreetbedi|15392|12|New York City|NY
2025|52|AndreasKaratzas|15356|7|Austin|TX
2025|53|cascade812|15285|9|Redmond|WA
2025|54|bsbodden|14797.5|12|Scottsdale|AZ
2025|55|abhipatel12|14786|7|New York City|NY
2025|56|andreasmcdermott|13916|10|Seattle|WA
2025|57|braden-w|13897|8|San Francisco|CA
2025|58|bbrowning|13555|11|Cambridge|MA
2025|59|JonahMMay|13008|11|Dallas|TX
2025|60|colesmcintosh|12858.5|11|Dallas|TX
2025|61|ankane|12732|12|San Francisco|CA
2025|62|ashubham|12533.5|10|San Francisco|CA
2025|63|SandyTao520|12055|7|Seattle|WA
2025|64|caseyclements|11949.5|12||New York
2025|65|amrmahdi|11605|3|San Jose|CA
2025|66|brainlid|11356|12||Utah
2025|67|chrstnb|11258|8|New York City|NY
2025|68|JoshMock|10850|7|Nashville|TN
2025|69|Cstannahill|10704.5|4||Illinois
2025|70|allenhutchison|10693|8|San Jose|CA
2025|71|Glebuar|10472|5|San Francisco|CA
2025|72|csmith49|10471|12|Louisville|CO
2025|73|alejandrosuarez|10124.5|12|Miami|FL
2025|74|abmfy|10025|11|San Francisco|CA
2025|75|chang-l|9757|11|San Jose|CA
2025|76|FrankD412|9724|11|San Francisco|CA
2025|77|AlexsanderHamir|9528|5||California
2025|78|FrozenWolf-Cyber|9450|2|San Diego|CA
2025|79|cswkim|9181.5|9|New York City|NY
2025|80|RafaelCenzano|9061|12|New York City|NY
2025|81|JonnyKong|9055|9|San Jose|CA
2025|82|blue-pen5805|8955|11|Sioux City|IA
2025|83|arjansingh|8817|5|San Francisco|CA
2025|84|Oasis-Git|8755|8||
2025|85|Cam10001110101|8626|12|Austin|TX
2025|86|WorldExplored|8589|7||Indiana
2025|87|ProdByBuddha|8402|4|Los Angeles|CA
2025|88|CodingOnStar|8358|4|El Campo|TX
2025|89|ben-vargas|8353.5|8||
2025|90|createthis|8299.5|12|Chattanooga|TN
2025|91|cmndcntrlcyber|7980.5|12||
2025|92|AdamBelfki3|7970|11|Boston|MA
2025|93|Jonahcb|7797|4|Ithaca|NY
2025|94|Apsu|7765|6|Pittsburgh|PA
2025|95|aws-navyadhara|7760|5|San Jose|CA
2025|96|bwasti|7730|5||New York
2025|97|chanh|7670|5|San Francisco|CA
2025|98|chenyang78|7515|9|Bellevue|WA
2025|99|alec-flowers|7365|4||California
2025|100|booxter|7232|8|Charlotte|NC
2026|1|AndreasKaratzas|566390|3|Austin|TX
2026|2|Fridge003|40060|3|San Jose|CA
2026|3|christian-bromann|35939|3|San Francisco|CA
2026|4|christian-byrne|34122|3|San Francisco|CA
2026|5|ProExpertProg|32965|3|Cambridge|MA
2026|6|MatthewBonanni|28930|3|Boston|MA
2026|7|DrJKL|26010|3|San Jose|CA
2026|8|Jokeren|22730|3|Fairfax|VA
2026|9|boarder7395|22218|1|Boston|MA
2026|10|brian-dellabetta|21415|3|Chicago|IL
2026|11|abhimehro|19892|3|Baton Rouge|LA
2026|12|WoosukKwon|18285|3|San Francisco|CA
2026|13|affaan-m|15337|3|San Francisco|CA
2026|14|CodingOnStar|14406|3|El Campo|TX
2026|15|CatherineSue|14279|3|Los Angeles|CA
2026|16|HaiShaw|14080|3|San Francisco|CA
2026|17|0xSero|11842.5|3||
2026|18|antiagainst|11790|3|Seattle|WA
2026|19|DigitalHerencia|11262|2|Los Lunas|NM
2026|20|bdmorgan|10545|3||New York
2026|21|AEmotionStudio|9742.5|3||California
2026|22|Lawhy|9537|3|San Jose|CA
2026|23|Jeffwan|9530|3|Seattle|WA
2026|24|NTaylorMullen|9264|3|Seattle|WA
2026|25|blackboxprogramming|8916.5|3||Minnesota
2026|26|aagnone3|8877|3|Atlanta|GA
2026|27|WindChimeRan|8865|3||
2026|28|aimurphy|8778|3||
2026|29|Joeegin|8675|3|Martinsburg|WV
2026|30|aider|8530.5|1|Dallas|TX
2026|31|benceruleanlu|8492|3|San Francisco|CA
2026|32|clareliguori|7892.5|3|Seattle|WA
2026|33|CodifyShhreya|7385|3||
2026|34|ashpreetbedi|7291|3|New York City|NY
2026|35|adityachoudhari26|7224|3|San Francisco|CA
2026|36|abhipatel12|6874|3|New York City|NY
2026|37|arabold|6755|3|Los Angeles|CA
2026|38|amrmahdi|6440|3|San Jose|CA
2026|39|carolinapowers|6408.5|3|Orlando|FL
2026|40|Adib234|6251|3|New York City|NY
2026|41|NickCao|6155|3|Boston|MA
2026|42|Jonahcb|5952|3|Ithaca|NY
2026|43|cigamit|5784|3||Texas
2026|44|catamarandan|5475|2||Arizona
2026|45|JadenFiotto-Kaufman|5460|3|Boston|MA
2026|46|Oasis-Git|5165|3||
2026|47|ckhordiasma|5155|1|Boston|MA
2026|48|bjacobgordon|5140|1|Houston|TX
2026|49|SandyTao520|4949|3|Seattle|WA
2026|50|aran-yogesh|4886|2|San Francisco|CA
2026|51|AColyer13|4848|2|Minneapolis|MN
2026|52|RickCreator87|4792.5|2|Denver|CO
2026|53|JustinBeckwith|4756.5|3|Seattle|WA
2026|54|PlaidCat|4718|3|Columbus|OH
2026|55|AlexsanderHamir|4234|2||California
2026|56|allisoneer|4135|3|San Francisco|CA
2026|57|c0de128|4120|2|Dallas|TX
2026|58|Godmook|4060|2|Los Angeles|CA
2026|59|architehc|4025|1|Miami|FL
2026|60|JayZenith|3790|3|Los Angeles|CA
2026|61|5starsunited|3762.5|3||Delaware
2026|62|adamfweidman|3517|3|New York City|NY
2026|63|christiananagnostou|3439|3|San Francisco|CA
2026|64|Tianhao-Gu|3426.5|3|Chicago|IL
2026|65|RobMulla|3320|3||Washington
2026|66|Akshay-Dongare|3247|3|Raleigh|NC
2026|67|ExpertVagabond|3243|2|Miami|FL
2026|68|ctgunn|3188.5|2|Nashville|TN
2026|69|bsbodden|3167.5|3|Scottsdale|AZ
2026|70|Wenyueh|3125|3|New York City|NY
2026|71|blamechris|3104|2|San Jose|CA
2026|72|AsherBond|3076|3|San Francisco|CA
2026|73|Vivo50E|3075|3|San Francisco|CA
2026|74|Quentin-M|3046.5|3|New York City|NY
2026|75|collinmccarthy|3040|2|Truckee|CA
2026|76|Alishahryar1|3013|3|San Jose|CA
2026|77|clocksmith|2995|3|New York City|NY
2026|78|Jitsusama|2991|1|Los Angeles|CA
2026|79|andrelandgraf|2912|2|San Jose|CA
2026|80|Siamese001|2846|1|Boca Raton|FL
2026|81|aacayanan|2822|1|San Diego|CA
2026|82|artokun|2765|2|San Diego|CA
2026|83|aaronsteers|2705.5|2|Seattle|WA
2026|84|bingyizh233|2671|2|San Francisco|CA
2026|85|Scottcjn|2659|3||Louisiana
2026|86|chrstnb|2534|3|New York City|NY
2026|87|MrIceCreamMan|2530|1|Boston|MA
2026|88|Glebuar|2485|3|San Francisco|CA
2026|89|bkrabach|2461.5|3||
2026|90|awni|2423|2||
2026|91|MaxwellCalkin|2391.5|1|New York City|NY
2026|92|brightlikethelight|2384|2|Boston|MA
2026|93|bendrucker|2365.5|3|San Francisco|CA
2026|94|LRCHub|2327.5|3|Sioux City|IA
2026|95|csmith49|2319|3|Louisville|CO
2026|96|andreasmcdermott|2222.5|3|Seattle|WA
2026|97|Type-32|2200|3|Pittsburgh|PA
2026|98|chuangw6|2184|3|San Jose|CA
2026|99|TallMessiWu|2155|1||New York
2026|100|IgorGanapolsky|2152.5|1||Florida
