1|WoosukKwon|629696|37|San Francisco|CA
2|AndreasKaratzas|581759|18|Austin|TX
3|Jokeren|438177|26|Fairfax|VA
4|antiagainst|291886|24|Seattle|WA
5|DEQygrund|270880|28|Portland|OR
6|BillGarman|263322|1|Seattle|WA
7|comaniac|229311|30|San Francisco|CA
8|Fridge003|212663.5|29|San Jose|CA
9|ProExpertProg|210370|25|Cambridge|MA
10|averikitsch|199211|28|Seattle|WA
11|Jeffwan|179608|33|Seattle|WA
12|brian-dellabetta|175804|16|Chicago|IL
13|christian-byrne|154442.5|24|San Francisco|CA
14|CatherineSue|127204|24|Los Angeles|CA
15|adityachoudhari26|126716|21|San Francisco|CA
16|andreibondarev|125090|33|Camden|NJ
17|JadenFiotto-Kaufman|122405|30|Boston|MA
18|ashpreetbedi|108901.5|49|New York City|NY
19|HaiShaw|107649|27|San Francisco|CA
20|KuntaiDu|101069|25|Chicago|IL
21|BruceMacD|94748.5|37|San Francisco|CA
22|ankane|89050.5|60|San Francisco|CA
23|agola11|88550.5|34|San Francisco|CA
24|christian-bromann|87952.5|13|San Francisco|CA
25|ByronHsu|87629|25|San Jose|CA
26|cadedaniel|77585|20|San Francisco|CA
27|cpacker|73257|16|San Francisco|CA
28|DrJKL|67051.5|36|San Jose|CA
29|MatthewBonanni|64841|12|Boston|MA
30|ApostaC|63850|24||
31|andrewnguonly|62621.5|27|San Francisco|CA
32|ElsaiDeribu|61326|42||
33|NolanTrem|58303|20||Wisconsin
34|PlaidCat|56896|20|Columbus|OH
35|YuhanLiu11|55642.5|14|Chicago|IL
36|Flux159|53965|31|San Francisco|CA
37|MagMueller|49878.5|18|San Francisco|CA
38|clareliguori|46850.5|13|Seattle|WA
39|aimurphy|44226|13||
40|chebbyChefNEQ|43362|25|New York City|NY
41|PsychoLlama|42495.5|63|New York City|NY
42|braden-w|41054|25|San Francisco|CA
43|alejandrosuarez|38987|38|Miami|FL
44|arabold|36895|21|Los Angeles|CA
45|SolitaryThinker|36136|18|San Diego|CA
46|cigamit|35850|31||Texas
47|K-Mistele|35080|17|San Francisco|CA
48|brainlid|34475|33||Utah
49|XiaoxuHU|34172|33|Redmond|WA
50|bryates|33962|57|Columbus|OH
51|BBC-Esq|33243|36|Atlanta|GA
52|DwyaneShi|32905|19|Seattle|WA
53|aksh-at|32501.5|40|New York City|NY
54|armcc|32347|63|San Jose|CA
55|Shaoting-Feng|32261|15|San Francisco|CA
56|Palashio|31642.5|8|New York City|NY
57|MichelleGower|30520|60|Urbana|IL
58|arueth|30013|19|Seattle|WA
59|anpicci|29159|32|Chicago|IL
60|VipulMascarenhas|28216.5|28|Seattle|WA
61|aidansunbury|28212|22|San Francisco|CA
62|benceruleanlu|27851.5|15|San Francisco|CA
63|assafvayner|27723|16|Seattle|WA
64|alpayariyak|26701|15|San Francisco|CA
65|NTaylorMullen|26609|10|Seattle|WA
66|changhiskhan|26568|30|San Francisco|CA
67|Satrat|26026|6|Boston|MA
68|ckadner|25846|14|Santa Cruz|CA
69|SethEden|25107|43|Madison|WI
70|ckhordiasma|24944|10|Boston|MA
71|arudell|23916|53||Minnesota
72|cmndcntrlcyber|23891|44||
73|anuragkumar95|23872|14|Columbus|OH
74|adeebshihadeh|23696|56|San Diego|CA
75|cebtenzzre|23516|19|New York City|NY
76|afourney|23495.5|23|Redmond|WA
77|bsbodden|23312.5|27|Scottsdale|AZ
78|RustedBones|23162|33|Chicago|IL
79|CodingOnStar|22764|7|El Campo|TX
80|bdekoz|22701|20|San Francisco|CA
81|Jialin|22570|8|San Jose|CA
82|boarder7395|22302.5|4|Boston|MA
83|AdamBelfki3|22035|22|Boston|MA
84|abhimehro|21812.5|9|Baton Rouge|LA
85|QIN2DIM|21764|30|Laramie|WY
86|awni|21708|22||
87|abhipatel12|21660|10|New York City|NY
88|alexm-redhat|21085|14|Boston|MA
89|coveralls|20724|63|Los Angeles|CA
90|caseyclements|20685|22||New York
91|Tianhao-Gu|20265|9|Chicago|IL
92|Yukiyukiyeah|19684|12|Seattle|WA
93|CShorten|19459|53|Boston|MA
94|GindaChen|19077.5|24|San Diego|CA
95|cadentj|18913.5|24|Boston|MA
96|ZachNagengast|18884.5|34|Los Angeles|CA
97|alterxyz|18837|20|San Jose|CA
98|Pierrci|18629|59|Miami|FL
99|ADBeveridge|18565|43|San Diego|CA
100|ctrlaltdev|18496|29|Los Angeles|CA
101|ShekharGupta1988|18413|34|Redmond|WA
102|JonahMMay|18092.5|16|Dallas|TX
103|amrmahdi|18045|6|San Jose|CA
104|LangCh1123|17370|1||
105|boren-ms|17032|13|Redmond|WA
106|WASasquatch|17028.5|42|Mount Vernon|WA
107|SandyTao520|17004|10|Seattle|WA
108|cindylovescoding|16708|19|Seattle|WA
109|andreasmcdermott|16138.5|13|Seattle|WA
110|KellerJordan|16051|15|San Francisco|CA
111|cascade812|15931|13|Redmond|WA
112|bdmorgan|15776|10||New York
113|AsherBond|15664|28|San Francisco|CA
114|andy-slac|15600|38||California
115|bbeckca|15551|6|San Francisco|CA
116|PhiYerion|15439|11||Virginia
117|colbertamir|15395|21|Tulsa|OK
118|affaan-m|15386|6|San Francisco|CA
119|HashbrownKazang|15195|7||
120|chrismochinski|15102|42|Minneapolis|MN
121|amete|14915|25|Lemont|IL
122|brgmnn|14662.5|27|San Francisco|CA
123|NimaBoscarino|14585|16|San Diego|CA
124|bbrowning|14485|15|Cambridge|MA
125|SharmaAjay19|14443|33|Redmond|WA
126|Oasis-Git|14406|15||
127|Abi-Liu|14402.5|4|San Francisco|CA
128|colesmcintosh|14172.5|16|Dallas|TX
129|MuyeedAhmed|13995|16|Newark|NJ
130|csmith49|13966|17|Louisville|CO
131|ColinHarker|13806|3|San Francisco|CA
132|chrstnb|13792|11|New York City|NY
133|AlexsanderHamir|13762|7||California
134|Jonahcb|13749|7|Ithaca|NY
135|RafaelCenzano|13608|30|New York City|NY
136|aayush3011|13489.5|25|Seattle|WA
137|AliHaider20|13227|47|New York City|NY
138|ashubham|13191.5|12|San Francisco|CA
139|Erika2500|13091|3|Seattle|WA
140|Glebuar|12957|8|San Francisco|CA
141|colinmcnamara|12863|34|Austin|TX
142|abhisheknair10|12815.5|6||New York
143|Taxolotl|12780|24||Indiana
144|AEmotionStudio|12494.5|13||California
145|bermed28|12375|4|Seattle|WA
146|clickonetwo|12226|28|San Francisco|CA
147|SwapnilDreams100|12223|9|San Francisco|CA
148|Lawhy|12144|17|San Jose|CA
149|ctrly4sh|12068|24|Beckley|WV
150|0xSero|11982.5|7||
151|DarrelDonald|11977|31|Lynnwood|WA
152|ctrlaltaf|11910|28|Boulder|CO
153|chang-l|11775|15|San Jose|CA
154|ChristianAnagnostou|11740|28|San Francisco|CA
155|JustinBeckwith|11442|6|Seattle|WA
156|allenhutchison|11423.5|17|San Jose|CA
157|ctrlShiftBryan|11325.5|44|Columbus|OH
158|DigitalHerencia|11275|4|Los Lunas|NM
159|NicholasBottone|11218|4||New York
160|Skquark|11132.5|36|Los Angeles|CA
161|bingyizh233|11112|10|San Francisco|CA
162|aagnone3|10996|21|Atlanta|GA
163|JoshMock|10990.5|11|Nashville|TN
164|Muennighoff|10976|46|San Jose|CA
165|christiananagnostou|10944|29|San Francisco|CA
166|JT2M0L3Y|10785|22|Seattle|WA
167|Cstannahill|10739.5|5||Illinois
168|abmfy|10567|19|San Francisco|CA
169|ben-vargas|10494.5|12||
170|cswkim|10424|12|New York City|NY
171|WorldExplored|10239|10||Indiana
172|BeibinLi|10059|21|Redmond|WA
173|FrankD412|9987|16|San Francisco|CA
174|JonnyKong|9976|13|San Jose|CA
175|Cam10001110101|9912.5|17|Austin|TX
176|LucianoCirino|9909.5|13||Texas
177|PhilipQuirke|9903|11|San Francisco|CA
178|WindChimeRan|9873|17||
179|coolkp|9759|13|Seattle|WA
180|Aniruddh25|9562|8|Redmond|WA
181|FrozenWolf-Cyber|9523|6|San Diego|CA
182|Broyojo|9506.5|25||New Jersey
183|claireyuw|9492|19|San Francisco|CA
184|borisdev|9444|8|San Francisco|CA
185|Simon-Stone|9171.5|25|Hanover|MA
186|Jordan130|9124|5|York|PA
187|blue-pen5805|9116.5|18|Sioux City|IA
188|Tostino|9082|17|Tampa|FL
189|NikolaBorisov|9037|20|San Jose|CA
190|Jackmin801|9018|26|San Francisco|CA
191|ctrlaltdylan|9007|38|Cleveland|OH
192|cctry|8985|15|San Francisco|CA
193|blackboxprogramming|8916.5|3||Minnesota
194|arjansingh|8817|5|San Francisco|CA
195|Sma1lboy|8805.5|17|San Jose|CA
196|anushakolan|8798|9|Redmond|WA
197|aider|8770.5|5|Dallas|TX
198|GQAdonis|8747|40|Dallas|TX
199|adamfweidman|8737.5|11|New York City|NY
200|c0de128|8730.5|6|Dallas|TX
201|Joeegin|8720|5|Martinsburg|WV
202|MrAta|8712|14|San Francisco|CA
203|NeedleInAJayStack|8638|28|Salt Lake City|UT
204|PopSoda2002|8608|11|San Jose|CA
205|Mirabordem|8599.5|4|Miami|FL
206|ProdByBuddha|8456.5|7|Los Angeles|CA
207|Akshay-Dongare|8401|17|Raleigh|NC
208|aaronstephenson|8367|23|Madison|WI
209|TJ5|8360|9|Seattle|WA
210|createthis|8351.5|13|Chattanooga|TN
211|atiorh|8309|41|San Jose|CA
212|Cebtenzzre|8306|4|New York City|NY
213|Daniel-Walbolt|8197|7||Ohio
214|chanh|8125|9|San Francisco|CA
215|Pernekhan|8082|24|San Jose|CA
216|chrisguidry|8045|10||Maine
217|TheStackTraceWhisperer|8026|11||
218|Adib234|7973|6|New York City|NY
219|aws-navyadhara|7965|7|San Jose|CA
220|cmarshak|7942.5|28|Los Angeles|CA
221|Prmurray|7940|10|Littleton|CO
222|Rai220|7837|28||
223|Apsu|7783|7|Pittsburgh|PA
224|chenyang78|7775|11|Bellevue|WA
225|NickCao|7759|11|Boston|MA
226|HamidShojanazeri|7750|33|San Francisco|CA
227|bwasti|7737|7||New York
228|ActionPace|7690|2|Washington|DC
229|TheRobBrennan|7655.5|9|Seattle|WA
230|akshaya-a|7609|13|Bellevue|WA
231|DhruvaBansal00|7585|14|San Francisco|CA
232|IwakuraRein|7547|12|San Francisco|CA
233|Haste171|7542|12||
234|aidando73|7519|9|San Francisco|CA
235|BjornMelin|7447.5|16|Salt Lake City|UT
236|BlakeDraper|7435|24||Wisconsin
237|bwised|7390|11|San Francisco|CA
238|CodifyShhreya|7385|3||
239|alec-flowers|7366|5||California
240|bkbatchelor|7348|3||New Jersey
241|crypdick|7284.5|21|San Francisco|CA
242|crutcher|7278|5|San Francisco|CA
243|apisani1|7242.5|23|Miami|FL
244|booxter|7235.5|11|Charlotte|NC
245|Cdaprod|7187|24|Douglasville|GA
246|Ubospica|7183.5|26|Pittsburgh|PA
247|brettbergin|7178.5|2||California
248|HuFlungDu|7162|24||
249|christy|7161|15|San Francisco|CA
250|FogDong|7140|31|San Francisco|CA
251|bkoz|7129|26|Austin|TX
252|asifhaider|7111|44|Anaheim|CA
253|Ctrl-Zee|7060|15|Indianapolis|IN
254|borontion|7056|25|San Francisco|CA
255|ExpertVagabond|7051|4|Miami|FL
256|acdha|7026|45|Washington|DC
257|cottsay|6992|11|Plymouth|MN
258|bcherny|6991.5|17|San Francisco|CA
259|catwhisperingninja|6954|37|San Francisco|CA
260|Flaburgan|6938|14|Chicago|IL
261|TaazKareem|6937|2||New Jersey
262|allisoneer|6933|9|San Francisco|CA
263|SumanthRH|6928|26|San Francisco|CA
264|VictorSanh|6866|31|New York City|NY
265|TheRealKwabena|6831.5|8||Louisiana
266|bjchambers|6794.5|14|Seattle|WA
267|Kevin-Burgos-9|6710|2|Dallas|TX
268|DaltheCow|6695|10|New York City|NY
269|Type-32|6691|14|Pittsburgh|PA
270|csullivan|6687|11|Portland|OR
271|SLR722|6686|14|San Jose|CA
272|AnthonyChristidis|6678|16|Boston|MA
273|PingXie|6672|8||Washington
274|Sbozzolo|6663|14|San Francisco|CA
275|brianr|6651|8|San Francisco|CA
276|allenporter|6626.5|10|Los Angeles|CA
277|aldopareja|6562.5|18||New York
278|Dev-Khant|6558|24|San Francisco|CA
279|chasepoirier|6447|8|Denver|CO
280|Johanh0|6440|3|Charlotte|NC
281|Elcess|6433|9|Gainesville|FL
282|amosyou|6414|18|San Francisco|CA
283|carolinapowers|6408.5|3|Orlando|FL
284|3axap4eHko|6378.5|10|Miami|FL
285|JetRunner|6378|14|San Diego|CA
286|achartier|6354|19|Seattle|WA
287|JstnMcBrd|6342|28||Utah
288|HanClinto|6341.5|24||Ohio
289|RobMulla|6316|7||Washington
290|Gregory-Pereira|6313|7|San Francisco|CA
291|csahithi|6305|7|San Jose|CA
292|aMahanna|6264|16|New York City|NY
293|TheCyberLocal|6259|9|Athens|AL
294|DustinHendrickson|6237|13|Los Angeles|CA
295|RohitNagraj|6215|9|Los Angeles|CA
296|Doridian|6194.5|16|Kirkland|WA
297|FoamoftheSea|6145|13|San Francisco|CA
298|FellowTraveler|6135|26|Austin|TX
299|Ctrlv-Package|6130|6|Miami|FL
300|RobertGemmaJr|6114|38||Rhode Island
301|BastianZim|6107|47||New York
302|Axolotls7|6104|11|Chickasha|OK
303|ATaylorAerospace|6083.5|29|Anaheim|CA
304|cdoern|6054|15|Boston|MA
305|ccchow|6019.5|16||Washington
306|clafollett|5986.5|12|St. Petersburg|FL
307|bborn|5976|12|Saint Paul|MN
308|ctrl-scott|5974|16||Alabama
309|angeloskath|5971|24||
310|Depetrol|5953|12|San Francisco|CA
311|AdrianAbeyta|5928|21|Austin|TX
312|Amir-19|5921|13|San Jose|CA
313|CTRLcapX|5892|4|Chicago|IL
314|SystemPanic|5878|14|Panama City|FL
315|NeonDaniel|5813|16|Seattle|WA
316|AeroNyxNetwork|5775|2|San Francisco|CA
317|AnugunjNaman|5739|16||
318|bendycode|5725|8|Madison|WI
319|chrisg564|5724|4|Pittsburgh|PA
320|Kaiyang-Chen|5686|12|San Jose|CA
321|computer-whisperer|5667|34|Jacksonville|FL
322|baryhuang|5638.5|9|Seattle|WA
323|aweis89|5596.5|4|Seattle|WA
324|brightlikethelight|5582|4|Boston|MA
325|Sammyjo20|5566|11|San Bernardino|CA
326|Imss27|5562|6|La Jolla|CA
327|chizhang118|5543|13|San Jose|CA
328|abrookins|5537|12|Portland|OR
329|MichaelRudy|5505.5|12|Arlington|VA
330|catamarandan|5475|2||Arizona
331|bryanzhou008|5446|3|Los Angeles|CA
332|Qard|5439.5|48|Vancouver|WA
333|D1M1TR10S|5423.5|8|San Francisco|CA
334|anmarques|5394|32|Somerville|MA
335|GuanLuo|5355|12|San Francisco|CA
336|MichaelRipa|5353|15|Boston|MA
337|HAMEEMM|5341|10|Houston|TX
338|EdifyRobotics|5285|6|Atlanta|GA
339|VikingDadMedic|5284|30||Florida
340|benjamin-chavez|5252|10|Chicago|IL
341|Everod52|5225|4||Washington
342|andymattgee|5214|1|Portland|OR
343|AlekseyKorshuk|5202|23|San Jose|CA
344|MasterOdin|5198|5|Salt Lake City|UT
345|cddigi|5182.5|19||Illinois
346|DavidHWagnon|5169|12|San Antonio|TX
347|ShawnZhong|5158|15|Madison|WI
348|arturl|5142.5|5|Seattle|WA
349|TimothyGu|5142|43|Seattle|WA
350|bjacobgordon|5140|1|Houston|TX
351|IMvision12|5128|12|Anaheim|CA
352|crtr0|5106|9|Seattle|WA
353|DMontgomery40|5104|12|Denver|CO
354|bcaudillo|5099.5|2|Denver|CO
355|adamk72|5088|1|Austin|TX
356|CtrlC-Root|5079|40||
357|5starsunited|5068|6||Delaware
358|aas008|5030|7|Boston|MA
359|cg123|5022|22|Los Angeles|CA
360|JackYFL|5020|13|East Lansing|MI
361|SonicDMG|5015.5|14|Orlando|FL
362|EllangoK|5009|9|New York City|NY
363|blazickjp|5004|15|Pittsburgh|PA
364|CXIAAAAA|4977|9|San Mateo|CA
365|aran-yogesh|4949|4|San Francisco|CA
366|annthurium|4934.5|8|San Francisco|CA
367|Showmick119|4930|3|Atlanta|GA
368|PrinsYin|4904|8|San Francisco|CA
369|barduinor|4902|11|Atlanta|GA
370|GuannanXie|4889|14|San Francisco|CA
371|VKudlay|4867|11|New Orleans|LA
372|AColyer13|4848|2|Minneapolis|MN
373|Yuan325|4843.5|8|San Jose|CA
374|ctrl-gaurav|4808|28|Austin|TX
375|RickCreator87|4796|3|Denver|CO
376|ZYHowell|4792|4|Pittsburgh|PA
377|IshmeetMehta|4766|9||Texas
378|AkazaAkane|4757|4|Atlanta|GA
379|George-Anagnostou|4746|31|San Francisco|CA
380|OneilMagno|4724|7|Monmouth|OR
381|ConnorLi96|4689|13|San Francisco|CA
382|Murdock135|4685|17|Columbia|MO
383|andycandy|4674|7|Logan|UT
384|Ctrlalton03|4666|18|Tampa|FL
385|aatchison|4614|5|San Francisco|CA
386|RoxanneWAAANG|4610|8|Durham|NC
387|SantosOMartinez|4595|6||Virginia
388|LelandSindt|4594.5|12|Lenexa|KS
389|ctrlcmdshft|4576.5|25||New Jersey
390|MehdiZare|4574|7||Washington
391|CtrlAltWilson|4571|15|Houston|TX
392|Siamese001|4552|2|Boca Raton|FL
393|Khurdhula-Harshavardhan|4551|8|San Francisco|CA
394|SiyangShao|4542|15|Atlanta|GA
395|TobiasGleiter|4542|3|Ann Arbor|MI
396|JoshMagnotta|4530|18|Charlotte|NC
397|Amorano|4519|31|Richmond|VA
398|JKHeadley|4513|14|San Jose|CA
399|chrisliu298|4512|13|San Jose|CA
400|JacobFV|4499|29|San Francisco|CA
401|beanieaxolotl|4487|20||Vermont
402|caizhuoyue77|4461|9||Hawaii
403|IsaacRe|4450|19|San Francisco|CA
404|Chen-zexi|4439|7||New York
405|TonyGravagno|4437|27|Los Angeles|CA
406|CosmicSyntax|4402|21||Maryland
407|AlexCuadron|4388|10|San Francisco|CA
408|Alezander9|4372|10|San Jose|CA
409|austinmw|4360.5|39|New York City|NY
410|aedify-john|4357.5|7|Alexandria|VA
411|PaulPrice|4326|18|Garden City|MI
412|Frank-cntrl|4320|6|New York City|NY
413|Petrus-Han|4315.5|20|San Jose|CA
414|Jared-Velasquez|4291|2||California
415|andyl98|4284.5|17||
416|MollySophia|4267.5|18|Talladega|AL
417|c0dezli|4263|6||New York
418|KaunilD|4260|1|San Jose|CA
419|bpkeene|4257.5|13|New York City|NY
420|Michaelvll|4257|16|San Francisco|CA
421|codifyme|4256|13|San Francisco|CA
422|JHebenstreit48|4252.5|3||Missouri
423|chenxi-yang|4252|4||California
424|Code-rina|4245.5|3|San Francisco|CA
425|bboynton97|4210.5|10|San Francisco|CA
426|JemiloII|4207|22|Chicago|IL
427|cploujoux|4171.5|11|San Francisco|CA
428|Clancey|4167.5|17|Anchorage|AK
429|MSaadAsad|4165.5|9|San Francisco|CA
430|bmaggiano|4165|1|Gilbert|AZ
431|BPhi-ai|4159|18|Los Angeles|CA
432|charlesmuchene|4158|6|Austin|TX
433|BritneyMuller|4151|12|Minneapolis|MN
434|alexleventer|4142|16|Seattle|WA
435|Wenyueh|4126.5|14|New York City|NY
436|BluejacketScott|4123|8|Phoenix|AZ
437|VikashLoomba|4116.5|13|Seattle|WA
438|TevinWang|4102|6|San Francisco|CA
439|bscott|4081.5|11||California
440|JArnoldAMD|4073|9|Rochester|MN
441|JayZenith|4071|4|Los Angeles|CA
442|Godmook|4060|2|Los Angeles|CA
443|Nan2018|4054|13|Austin|TX
444|VukDukic|4051|13|San Francisco|CA
445|chazzhou|4046.5|12|New York City|NY
446|DrJekels|4037.5|5|Chicago|IL
447|Nestorchik|4029|10|Miami|FL
448|architehc|4027|3|Miami|FL
449|LunrEclipse|3980|2|San Francisco|CA
450|ashahba|3956.5|18|Portland|OR
451|CAROLZXYZXY|3950|2|San Francisco|CA
452|BenWilson2|3946|13|Apex|NC
453|Giveherthedsuprmajstcr|3930|1|Rapid City|SD
454|chrislin22|3923.5|17||Virginia
455|TimDettmers|3912|15|Seattle|WA
456|BenjaminWalkerBond|3904|9|San Marcos|TX
457|adityakamat24|3883|7||New York
458|Max-Gabriel-Susman|3880|7|Logan|UT
459|aldehir|3867|8||Texas
460|bassmang|3840|9|New York City|NY
461|cmodi-meta|3822|8|San Jose|CA
462|FutureAxolotl|3812|10||Pennsylvania
463|alec-jensen|3812|10||Texas
464|angus-lherrou|3795|21|Waltham|MA
465|SolomonMontagno|3791|9|Boston|MA
466|audioscavenger|3789|14||Arizona
467|HarshTrivedi|3786|14||
468|aaronsb|3780|18|Wichita|KS
469|WillDreamer|3774|8|Los Angeles|CA
470|LRCHub|3767.5|5|Sioux City|IA
471|benpate|3760|7||Colorado
472|craig08|3758|2|Kirkland|WA
473|CyrilPeponnet|3747.5|7|San Jose|CA
474|arcaputo3|3720.5|11|Jupiter|FL
475|CNTRL-tek91|3708|20|Anaheim|CA
476|cosmoquester|3703|16|Austin|TX
477|araghukas|3702|21|Los Angeles|CA
478|ShreeBohara|3702|1|Los Angeles|CA
479|Conless|3702|14|Seattle|WA
480|bendrucker|3691.5|6|San Francisco|CA
481|calebl|3683.5|12||California
482|ao-apps|3680|42|Mobile|AL
483|ankurkumarz|3678|19|Los Angeles|CA
484|alessoh|3666|9||California
485|JakeFurtaw|3662|9|Baltimore|MD
486|VladimirReshetnikov|3656|1|Redmond|WA
487|JasonZhu1313|3649|9|San Jose|CA
488|Sulxy|3626|1|San Antonio|TX
489|Barneyjm|3624|12|Charlotte|NC
490|ChristopherA|3623|5|San Francisco|CA
491|adityamparikh|3622.5|4||New York
492|YilunKuang|3617|9|New York City|NY
493|andy-yang-1|3599|13|San Francisco|CA
494|acisseJZhong|3591|10|San Jose|CA
495|ThatOneCalculator|3570.5|29|Los Angeles|CA
496|clocksmith|3569.5|7|New York City|NY
497|GeauxEric|3553|8|Visalia|CA
498|Ednaordinary|3521|25|Golden|CO
499|anvdn|3515|8||New York
500|LiteObject|3508.5|23|Dallas|TX
501|arcum42|3488|24|Las Vegas|NV
502|aaronsteers|3487|11|Seattle|WA
503|Nweaver412|3487|8|Boston|MA
504|aladerran|3485.5|15|Providence|RI
505|aburhan|3484|5|Atlanta|GA
506|GLRose|3475|6|Charlotte|NC
507|ReticulatedSpline|3470|27|Minneapolis|MN
508|LinxinS97|3459|19||Louisiana
509|Lzy17|3455|24|Austin|TX
510|alankyshum|3454.5|4|San Jose|CA
511|NicholasKao1029|3454|35|Seattle|WA
512|capslock|3441|16|San Francisco|CA
513|Zhuohao-Li|3431|15|San Francisco|CA
514|cedarconnor|3427.5|19||
515|MinuraPunchihewa|3419.5|13|San Francisco|CA
516|Codehackerone|3413|11|Rochester|NY
517|avsolatorio|3399|24||Washington
518|bmorphism|3398.5|30|San Francisco|CA
519|cdflori|3394|3|Dallas|TX
520|Blendify|3391.5|17||Maryland
521|NoahStapp|3390|13|Boston|MA
522|AgrawalAmey|3385|10|Atlanta|GA
523|HonorioTaveras|3381|4|Boulder|CO
524|allihaider|3380|28|Ames|IA
525|Atry|3356.5|19||California
526|FinesseJones|3355|4|Jackson|MS
527|ctrl-qcvh|3354|14|Missoula|MT
528|Brlan7|3344|6|Denver|CO
529|anaconda-pkg-build|3304|28|Austin|TX
530|ManfeiBai|3302|10|Boston|MA
531|NomotoK|3299|4|Durham|NC
532|Masstronaut|3288.5|2||
533|chuanli11|3279|23||California
534|Jameshskelton|3277|21|Austin|TX
535|akinard-postman|3258.5|5|Houston|TX
536|Nulctrl|3256|8||New York
537|Cleptomania|3249|8||
538|caoshiyi|3235|27|San Francisco|CA
539|coflin|3223.5|2|San Jose|CA
540|cnunciato|3223|5|Seattle|WA
541|coco-alen|3209|9|South Bend|IN
542|Spartee|3209|13|San Francisco|CA
543|Ali-Prm|3205|4|New York City|NY
544|Proto007|3198|6|New York City|NY
545|ctgunn|3188.5|2|Nashville|TN
546|HTrayford|3180|8|Grand Junction|CO
547|KemingHe|3173.5|13|Columbus|OH
548|chuangw6|3171|5|San Jose|CA
549|bradify|3167.5|5|Tucson|AZ
550|chowington|3157|10||Illinois
551|Syren0914|3153.5|3||
552|collinmccarthy|3146|5|Truckee|CA
553|artokun|3137|8|San Diego|CA
554|Mellow-Cobra|3136|7||Arizona
555|Scottcjn|3129|4||Louisiana
556|ZJLi2013|3117.5|28|Detroit|MI
557|PathogenDavid|3115|18||Kansas
558|Aloto10107|3110|27|Marion|IA
559|blamechris|3106|3|San Jose|CA
560|Shreyas-Bhat|3100|9|Chapel Hill|NC
561|JaronJCheung|3098|4|Buffalo|NY
562|agmsb|3095|5|San Francisco|CA
563|Alishahryar1|3093|4|San Jose|CA
564|arnavgarg1|3091|17|San Francisco|CA
565|chadj2|3088.5|11|Dallas|TX
566|bkrabach|3081.5|6||
567|Vivo50E|3075|3|San Francisco|CA
568|De30|3064|15||Massachusetts
569|Quentin-M|3063.5|4|New York City|NY
570|Noreen21|3054|5||New Jersey
571|DLT-Solutions-JBoss|3051|29||
572|MadElf1337|3044|23|Seattle|WA
573|bobwares|3036.5|8|St. Louis|MO
574|JuheonChu|3036|7|Ithaca|NY
575|CastroAlejandro|3034|1|Naples|FL
576|IsaacEldridge|3031|4|Portland|OR
577|DeconvFFT|3016|1|Bloomington|IN
578|DanielSosunov|3000|5||New York
579|AleMiguelMicrosoft|2998|7|Redmond|WA
580|Pyrtle93|2996|1|Syracuse|NY
581|RonSheely|2996|26|Yakima|WA
582|Jitsusama|2991|1|Los Angeles|CA
583|brycelelbach|2988|9|San Jose|CA
584|Alex-XJK|2985|5|New York City|NY
585|chyok|2980|11|Raleigh|NC
586|ctrlclos|2978|5|San Francisco|CA
587|CodesMcCabe|2971.5|8||North Carolina
588|JohnNay|2967|7||New York
589|andrelandgraf|2966.5|4|San Jose|CA
590|HarleyCoops|2962|21||New York
591|Guitaricet|2959.5|28|San Francisco|CA
592|NicholasSynovic|2959|7|Milwaukee|WI
593|KivenChen|2942|17|San Jose|CA
594|MrIceCreamMan|2940|2|Boston|MA
595|Shubhamai|2934|7|San Francisco|CA
596|Neo9061|2930|21|Dallas|TX
597|MikukuOvO|2928.5|7|Pittsburgh|PA
598|cwlbraa|2911|6|South Lake Tahoe|CA
599|arthurseverino|2908.5|2|New York City|NY
600|anjijava16|2901|14|Philadelphia|PA
601|JR33D|2898|3||Pennsylvania
602|calvin-kim13|2884|3|Seattle|WA
603|SanDiegoDude|2880|8|Los Angeles|CA
604|ZiadHatab|2873|26||California
605|bostonadam525|2871|12|Boston|MA
606|Sergey01|2870|2|New York City|NY
607|YasharF|2870|10|Seattle|WA
608|RoboRaiders3691|2866.5|15|Northfield|MN
609|ctrl-alt-adrian|2862|22|Houston|TX
610|aprilemeraldchao|2848|5|San Jose|CA
611|TomerAberbach|2846.5|16||New Jersey
612|WilliamTambellini|2837|33|Los Angeles|CA
613|ChloeL19|2826|4||Hawaii
614|aacayanan|2822|1|San Diego|CA
615|Den4200|2806|12|Philadelphia|PA
616|blakechi|2805|11|Austin|TX
617|GrantBirki|2794|2|San Francisco|CA
618|briandconnelly|2793|8|Seattle|WA
619|Sirsho1997|2791.5|8|Boston|MA
620|DavidBellamy|2782|8|Cambridge|MA
621|andyehrenberg|2776|7|San Francisco|CA
622|CataQuarleri|2772|1|Denver|CO
623|SteveAnik|2770|5|Wichita|KS
624|AshDevFr|2763|9|Seattle|WA
625|botingw|2762|9|Dallas|TX
626|amirabdullah19852020|2759|7||Utah
627|bmwshop|2752|9||
628|aashish2000|2750|5|University Park|FL
629|coderberry|2746.5|12|Saratoga Springs|UT
630|balexander85|2744|2|Austin|TX
631|Y-aang|2740|9|Baltimore|MD
632|cooleel|2738|15|Dallas|TX
633|coding-famer|2709|22|Anaheim|CA
634|RVCA212|2706.5|13|Boca Raton|FL
635|Said-Akbar|2681|12|San Francisco|CA
636|cbwinslow|2661.5|15|Salem|VA
637|corybuecker|2661|13|Austin|TX
638|adbharadwaj|2660|4|Blacksburg|VA
639|Nightshade14|2650|7|New York City|NY
640|KBB99|2631|25||North Carolina
641|andersonbcdefg|2628.5|22|San Francisco|CA
642|Yiyun-Liang|2615|2||California
643|apsdehal|2613|12|San Francisco|CA
644|DanWahlin|2609|10||Arizona
645|brandonmcclure|2606|15|Fort Collins|CO
646|catherinelee274|2602.5|17|San Francisco|CA
647|aarondou|2595|8|San Jose|CA
648|Qinghao-Hu|2594|13||Massachusetts
649|CakeCrusher|2588|26|San Francisco|CA
650|codekow|2584|12|Houston|TX
651|arun-gupta|2581|7|San Jose|CA
652|BBBmau|2579.5|13|Palm Springs|CA
653|cwh35|2576|4|Philadelphia|PA
654|BenCaunt|2575|19|Cary|NC
655|HunterGerlach|2570|31|Louisville|KY
656|Madusha0909|2570|7|Sacramento|CA
657|aidendle94|2568|8|Austin|TX
658|AmandaLN|2568|1|Sanford|FL
659|alantmatos|2562|1||New York
660|cheryyunl|2560|3||New York
661|Erato949|2558.5|2|Jersey City|NJ
662|Mistobaan|2554|28|Los Angeles|CA
663|TimMikeladze|2554|13|Seattle|WA
664|JulesGM|2550|30|San Francisco|CA
665|akankshakusf|2545|6||New Jersey
666|RobertFischer|2531|5|Cary|NC
667|allenzhou101|2528.5|8|San Jose|CA
668|colorful-tones|2524.5|2|Glens Falls|NY
669|MichaelCGrant|2524|2|Houston|TX
670|ajnikrant|2520|3|Washington|DC
671|claudiol|2517|17||Colorado
672|ScottBrenner|2516|12|San Francisco|CA
673|SuperBruceJia|2507|34|Boston|MA
674|StevanFreeborn|2507|4|Olathe|KS
675|Matthewjww|2502|5|Denver|CO
676|andreasatle|2500|3|Houston|TX
677|cnzhangquan|2500|30||
678|altryne|2496|14|Denver|CO
679|ShawnPana|2491|6|San Diego|CA
680|Kh4L|2485|10|San Francisco|CA
681|Cfomodz|2482|12||
682|RQledotai|2469|5||Illinois
683|LeoLjl|2467|18|State College|PA
684|bbenz|2466|13|Las Vegas|NV
685|KastanDay|2452.5|20|Seattle|WA
686|ReesesSnickers|2452|1||Arkansas
687|ConceptCodes|2450|11|Dallas|TX
688|NorthmanPKU|2450|9|Pittsburgh|PA
689|AbhinavHampiholi|2448|13|San Francisco|CA
690|SidmoGoesBrrr|2439.5|4|New York City|NY
691|abirismyname|2439.5|1|Pittsburgh|PA
692|LuChengTHU|2428|10|San Francisco|CA
693|Fernando-Cal|2415|6|San Francisco|CA
694|Jiffy-JM|2409|6||New York
695|SJ9VRF|2407|6||California
696|anish-shanbhag|2404|5|San Francisco|CA
697|Kyle-Gagnon-99|2399|21|Boston|MA
698|TonyLianLong|2395.5|29|San Francisco|CA
699|abasnet97|2395|32|Columbus|OH
700|MaxwellCalkin|2391.5|1|New York City|NY
701|YiChong-Liu|2390|5|Champaign|IL
702|NotAPlumber505|2383.5|1|Miami|FL
703|GrammyMoney|2381|10|Dallas|TX
704|Chevron7Locked|2376|4||Illinois
705|audrow|2376|2|San Antonio|TX
706|angelxmoreno|2367|5|New York City|NY
707|csells|2362|4|Portland|OR
708|ComfyUI-RUS|2350|4|Miami|FL
709|JohnMachado11|2347|8|Dallas|TX
710|aclark4life|2340|8|Bethesda|MD
711|SamuelBarryCS|2336|1|San Francisco|CA
712|Emericen|2335|21|San Jose|CA
713|averad|2335|6||Washington
714|RaiderRoss|2334|11|Beckley|WV
715|adonesky1|2330|10|Austin|TX
716|benmoss|2329|14|New York City|NY
717|Kinglord|2326.5|16|St. Louis|MO
718|TheQuantumFractal|2325|7|San Jose|CA
719|BrandonWSmith|2321|8|Louisville|KY
720|MochiGames|2316|3|Saint George|UT
721|architanemalikanti|2315|5|San Francisco|CA
722|ancientlore|2314.5|31||Virginia
723|chidcrushev|2310|4|Las Cruces|NM
724|MrMurga|2309.5|15|San Francisco|CA
725|addelong|2308|8|Tiffin|OH
726|Aravind-11|2298|11|Los Angeles|CA
727|JieyuZ2|2296|16|Seattle|WA
728|TheSethRose|2294|10|Dallas|TX
729|ViridianMelody|2290|10|Seattle|WA
730|burrsutter|2280|10|Raleigh|NC
731|acompa|2277|6|Miami|FL
732|ValiantPhoenix13|2272|7|Sacramento|CA
733|agt|2270|9|La Jolla|CA
734|bluecoffee8|2270|4|San Jose|CA
735|Braden-sui|2263|4|Denver|CO
736|ar-mccabe|2260.5|5|Ontario|CA
737|basujindal|2259|17|Seattle|WA
738|ardaatahan|2256|9|New York City|NY
739|ELundby45|2252|11|Boulder|CO
740|KosmosisDire|2250|4||Kentucky
741|IgorGanapolsky|2249.5|6||Florida
742|AVGVSTVS96|2241|11||New York
743|KeijiBranshi|2238|5|Seattle|WA
744|ctjlewis|2238|3||
745|EraGuider|2236.5|12||Washington
746|Nickcp39|2235|5||
747|JimYin88|2232|3|Bloomfield|NJ
748|ZL-Asica|2225.5|5|Chicago|IL
749|AnishKamatam|2225|2|San Francisco|CA
750|Aydin-ab|2225|6||New York
751|Sylph-AI|2225|2|San Francisco|CA
752|ANI717|2222.5|2|Philadelphia|PA
753|Poghappy|2216|15||
754|ChuckJonas|2213|8||Wyoming
755|akkikiki|2208|16||New York
756|AsiaCao|2208|5|San Francisco|CA
757|catherinewu|2206|9|San Francisco|CA
758|Arist12|2194|17|Madison|WI
759|Itrel|2192|14|Dallas|TX
760|SoftCircuits|2191|14|Salt Lake City|UT
761|ChrisDryden|2185|8|Seattle|WA
762|areibman|2183|24|San Francisco|CA
763|changezakram|2175|4|New York City|NY
764|Manas-Kandi|2170|3|Chicago|IL
765|GuilhermeCamposo|2170|21||Massachusetts
766|Jessieg12|2159.5|2|Chicago|IL
767|AdityaPatil-R|2156|3|Los Angeles|CA
768|TallMessiWu|2155|1||New York
769|behr-davide|2152.5|2||Indiana
770|JerrettDavis|2150.5|9|Tulsa|OK
771|Scarmonit|2150.5|2||
772|brokenbartender|2145|1|Pontiac|MI
773|Rana-KV|2139|11|New York City|NY
774|JonZeolla|2137|16|Pittsburgh|PA
775|akshaylive|2132|7|Seattle|WA
776|JayTheAxolotl|2128|8||Missouri
777|DhruvGorasiya|2126|5|Boston|MA
778|Risc-lt|2126|16|Ann Arbor|MI
779|Activ8-AI|2122.5|7||Texas
780|cedonley|2121|9|San Francisco|CA
781|Willmo103|2116|17|St. Louis|MO
782|KiameV|2114.5|4|Longmont|CO
783|catid|2113.5|20|Austin|TX
784|WuhanMonkey|2111|11|San Jose|CA
785|TrevorBrown-dev|2103.5|4|Poughkeepsie|NY
786|LarsenCundric|2102.5|11|San Francisco|CA
787|Bryan-Az|2102|2||
788|JagrutN|2086|4|San Jose|CA
789|chrismuto|2072|2|San Diego|CA
790|adityanaidu16|2070.5|6|West Lafayette|IN
791|cbmartinez42|2068.5|2|Ballwin|MO
792|BitPhinix|2067|12|San Francisco|CA
793|Aryanag2|2066|8|San Francisco|CA
794|NoMoreFood|2065.5|9|Clifton Park|NY
795|IParraMartin|2049.5|11|San Francisco|CA
796|Manan17|2048|6|San Jose|CA
797|cfchase|2046|22|Raleigh|NC
798|JoshuaKimsey|2041|6||Georgia
799|Ankur-singh|2038|13||California
800|JayantDevkar|2036|1|San Francisco|CA
801|Dr-Agentic|2031|8|San Francisco|CA
802|chayanchatterjee|2024|2||Tennessee
803|Namangarg110|2021|9|Chicago|IL
804|MikahNiehaus|2020|1|Austin|TX
805|agenticassets|2016|7||
806|666even666|2012|4|San Francisco|CA
807|AustinGagnon|2011|14|Orlando|FL
808|chirucs|2010|3||
809|Friend09|2009.5|18|Louisville|KY
810|adityasingh2400|2009|1|Goleta|CA
811|Nativeatom|2008|8|Pittsburgh|PA
812|Oceanswave|2002.5|28||
813|Whitelisted2|2000|5|Atlanta|GA
814|MrCsabaToth|1998.5|19|Fresno|CA
815|ArielleTolome|1996|2|New York City|NY
816|artob|1990|36|San Jose|CA
817|KHAEntertainment|1986.5|6|Los Angeles|CA
818|alisa-alisa|1986|5|Seattle|WA
819|SamPotasz|1985|6|Austin|TX
820|MaxTran96|1984|21|Seattle|WA
821|aghastmuffin|1982.5|8|San Francisco|CA
822|Kendrickotf4l|1981|1||New York
823|atanikan|1979.5|19|Chicago|IL
824|NikitaDmitrieff|1978.5|1|San Francisco|CA
825|chhzh123|1974.5|26|Ithaca|NY
826|camRight|1972|1|San Francisco|CA
827|MichaelJThomas-2016|1961.5|8||New York
828|EaminC|1960|4|Chicago|IL
829|MmalcolmM|1959|1|Denver|CO
830|DeppMeng|1956|3|San Jose|CA
831|Yadunund|1953|6|San Jose|CA
832|cdreetz|1949|21|San Francisco|CA
833|aeft|1947.5|8||
834|adhavle-aws|1945|2|New York City|NY
835|BraPil|1943|2|Cary|NC
836|SilasK|1939|10|Chicago|IL
837|Lateralus138|1936|2|Decatur|IL
838|Kaltrunner|1932|2|New York City|NY
839|Zachacious|1931|2|Tupelo|MS
840|Ngambarde|1930|1||Connecticut
841|anderbubble|1930|14|Boulder|CO
842|PeterGriffinJin|1928.5|20|Urbana|IL
843|Gitter499|1928.5|12|Philadelphia|PA
844|Teagan42|1924|5|Denver|CO
845|TamiTakamiya|1922.5|12|Durham|NC
846|alecf|1918|5|San Francisco|CA
847|aj-geddes|1914.5|8|Kansas City|MO
848|RaiderxD404|1909.5|8||Pennsylvania
849|atxtechbro|1908.5|4|Austin|TX
850|andrewhinh|1905.5|16|San Francisco|CA
851|cheddarfox|1901|18|Tampa|FL
852|Creeper-MZ|1898|8|West Lafayette|IN
853|MattGooding|1893.5|3|Los Angeles|CA
854|csantanapr|1893.5|8|Raleigh|NC
855|LRY89757|1884|9|Ann Arbor|MI
856|JamesRyanATX|1883|5|Austin|TX
857|MihaiSurdeanu|1880|21|Tucson|AZ
858|KeyboardCowboy|1879.5|1|Golden|CO
859|Rjpdude|1878|3|Denver|CO
860|LauraAllObe|1876|3|Hoboken|NJ
861|cenfun|1869.5|10|Anaheim|CA
862|avi350751|1869|6|Minneapolis|MN
863|SamKhoze|1869|24|Los Angeles|CA
864|Haoxiang-Wang|1865|19||
865|anantvir|1865|3|Detroit|MI
866|AnthonyRodriguezJPM|1862|2|Houston|TX
867|River12|1860|3|San Jose|CA
868|bhavya01|1857|12|San Jose|CA
869|Nahidzeinali-web|1852.5|5|San Diego|CA
870|6|1850|34||Maine
871|EyeDeck|1849|8||Florida
872|beatgeek|1845|32|San Francisco|CA
873|bartolli|1841.5|21|Tampa|FL
874|anchapin|1840|18|Richmond|VA
875|andrewmorrisondev|1839|3|New York City|NY
876|Jazzcort|1837|6|Malden|MA
877|LaVidaHermosa|1836.5|4|Lexington|KY
878|Anthony-Mendez|1835|11||
879|bandily|1827|1|San Francisco|CA
880|charliermarsh|1825|12|New York City|NY
881|Sam-Haider|1822.5|6|Atlanta|GA
882|bobbykoritala|1820|3|Chicago|IL
883|EnggQasim|1819|12||New York
884|ZackBradshaw|1811|11|Springfield|MO
885|Noeda|1810|11|San Francisco|CA
886|alexeykrol|1807|5|San Jose|CA
887|JovaniPink|1807|6|Palm Bay|FL
888|bsmi021|1807|12|Greenville|SC
889|HanFa|1806|7|San Jose|CA
890|GroundAura|1804.5|3||
891|anshradh|1803|7|New York City|NY
892|cbmira01|1794|4|Louisville|KY
893|adrm001|1794|2|Seattle|WA
894|Cagnoro1|1793|7||
895|caraerskine|1792|2|New York City|NY
896|bcarriveau|1790|2||Wisconsin
897|Etragas|1790|5|San Francisco|CA
898|ae2baker|1787|3|Saint Joseph|MO
899|IvanLH|1782|3|Kirkland|WA
900|TaiMingLu|1778|5|Princeton|NJ
901|Mahum-Haider|1777.5|10|New York City|NY
902|DevashishLal-CB|1775|9|San Francisco|CA
903|TinyDeep|1765|3|Orlando|FL
904|ahaider004|1764|8||New York
905|ajayvohra2005|1763|10||Michigan
906|PrismAero|1762|3|Salem|OR
907|JAKES-CLOUD-SPACE|1760|1||Minnesota
908|blake-snc|1760|2|San Francisco|CA
909|92username|1759|5|Salina|KS
910|chip-davis|1758.5|8|Chicago|IL
911|byebyebruce|1758|16|Denver|CO
912|RichardHightower|1758|4||
913|DeanPhillipsOKC|1757.5|4|Oklahoma City|OK
914|beatrice-b-m|1757|1|Atlanta|GA
915|SethHWeidman|1756|3|Salt Lake City|UT
916|MikeyBeez|1755|25||Arkansas
917|aconchillo|1752.5|3|Los Angeles|CA
918|Rumi1013|1752|9||South Carolina
919|bretthowell714-source|1748.5|3|Red Bluff|CA
920|MatthewCash|1744|12|Seattle|WA
921|JordanDalton|1740.5|8|Dallas|TX
922|TennisBowling|1740|8|Seattle|WA
923|ausarenglish|1740|2|New York City|NY
924|Jonathan-A-White|1738|3|New York City|NY
925|DamianB-BitFlipper|1737.5|13|San Francisco|CA
926|campagnollo|1734|20|Raleigh|NC
927|burnsbert|1732.5|10|Cary|NC
928|cgb37|1732.5|1|Miami|FL
929|Sus4nne|1732|6|Nederland|TX
930|Ramtinhoss|1731|22||California
931|EandrewJones|1729|12||Michigan
932|concavegit|1728.5|5|Seattle|WA
933|codeactual|1723|8|Portland|OR
934|HaochengLIU|1722|10|New York City|NY
935|ajslater|1718|5|San Francisco|CA
936|Mcootauc|1715|4|Los Angeles|CA
937|DavyMorgan|1714|10|Cambridge|MA
938|arjav-desai|1710|8|Austin|TX
939|coleleavitt|1709.5|4||Michigan
940|Sarsur99|1704.5|2|San Diego|CA
941|QAInsights|1702.5|18||Ohio
942|alexk1919|1700|11|Los Angeles|CA
943|Eyshika|1700|1|Dallas|TX
944|DisguisedAxolotl|1700|13|Los Angeles|CA
945|beinan|1698.5|9|San Francisco|CA
946|bodenburg|1698.5|4||Wisconsin
947|OtotaO|1696.5|21|New York City|NY
948|ciro-greco|1695|5||New York
949|Nutlope|1694.5|16|New York City|NY
950|JackCaoG|1693|15|Seattle|WA
951|abetlen|1692.5|16|San Francisco|CA
952|AustinKelsay|1690.5|7|Austin|TX
953|ashtonchew|1684.5|4|Ithaca|NY
954|chuyiting|1681|3||California
955|becca-mayers|1680|1|Dallas|TX
956|MikeFogz|1680|1|San Francisco|CA
957|DocShotgun|1679.5|26||
958|MalinkyZubr|1678|3||Indiana
959|chriswritescode-dev|1675|6|Miami|FL
960|bordoni|1672.5|4||New York
961|CamiloSierraH|1671|7|San Jose|CA
962|Rockdu|1670|5|Atlanta|GA
963|ChrisCampbell1|1669.5|1|Denver|CO
964|AdminTurnedDevOps|1667.5|8||New Jersey
965|blancsw|1666.5|29|Chicago|IL
966|briankscheong|1666|1|Indianapolis|IN
967|ShaneHarvey|1666|5|San Francisco|CA
968|cpage-pivotal|1665|10||
969|JosselinSomervilleRoberts|1664|3|San Jose|CA
970|chedim|1662|6||Washington
971|atbe|1659.5|25|San Francisco|CA
972|aphedges|1659|20||
973|cmunley1|1658|5|San Francisco|CA
974|AdamLouly|1658|18||
975|SpiffGreen|1657|5|Indianapolis|IN
976|Sukanya41455|1653.5|14||
977|aron-muon|1652.5|3||Texas
978|MichaelRG023|1652|2|New York City|NY
979|CodeDevKyle|1651|1|Los Angeles|CA
980|L3DigitalNet|1647|2||
981|AKSHITHGOUD9|1645|3||Wisconsin
982|GuillermoFidalgo|1645|5|Tuscaloosa|AL
983|connectiblutz|1645|35|Philadelphia|PA
984|achandrasekar|1643|14|Seattle|WA
985|beevek|1638|6||New York
986|SoubhikSinha|1637|11|Dallas|TX
987|EdenEven|1635.5|6||Missouri
988|KingsleyZhang123|1635|8|San Jose|CA
989|ajacobm|1634.5|19|Reston|VA
990|NaturalisSelectio|1627.5|1||
991|brooks1man|1627|14|Atlanta|GA
992|azonenberg|1626|30|Seattle|WA
993|aaijazi|1624|7|Bellevue|WA
994|charleskawczynski|1620|10||
995|arnaudstiegler|1620|13|New York City|NY
996|cassler|1615|3|Austin|TX
997|chus-chus|1615|2|Atlanta|GA
998|Pritiks23|1614|2|Seattle|WA
999|RustamyF|1612|3|New York City|NY
1000|0rion-HunterShield|1611|4|Salinas|CA
